 Acadia Valley	 Alberta
 Acme	 Alberta
 Airdrie	 Alberta
 Alberta Beach	 Alberta
 Alder Flats	 Alberta
 Alix	 Alberta
 Alliance	 Alberta
 Altario	 Alberta
 Andrew	 Alberta
 Anzac	 Alberta
 Ardrossan	 Alberta
 Arrowwood	 Alberta
 Ashmont	 Alberta
 Assumption	 Alberta
 Athabasca	 Alberta
 Banff	 Alberta
 Barons	 Alberta
 Barrhead	 Alberta
 Bashaw	 Alberta
 Bassano	 Alberta
 Bawlf	 Alberta
 Bear Canyon	 Alberta
 Beaumont	 Alberta
 Beaverlodge	 Alberta
 Beiseker	 Alberta
 Bentley	 Alberta
 Berwyn	 Alberta
 Big Valley	 Alberta
 Bindloss	 Alberta
 Black Diamond	 Alberta
 Blackfalds	 Alberta
 Blackie	 Alberta
 Blue Ridge	 Alberta
 Bon Accord	 Alberta
 Bonanza	 Alberta
 Bonnyville	 Alberta
 Bow Island	 Alberta
 Bowden	 Alberta
 Boyle	 Alberta
 Bragg Creek	 Alberta
 Breton	 Alberta
 Brocket	 Alberta
 Brooks	 Alberta
 Brownvale	 Alberta
 Bruderheim	 Alberta
 Burdett	 Alberta
 Byemoor	 Alberta
 Cadomin	 Alberta
 Calgary	 Alberta
 Calling Lake	 Alberta
 Calmar	 Alberta
 Camrose	 Alberta
 Canmore	 Alberta
 Carbon	 Alberta
 Cardston	 Alberta
 Carmangay	 Alberta
 Caroline	 Alberta
 Carseland	 Alberta
 Carstairs	 Alberta
 Castor	 Alberta
 Cayley	 Alberta
 Cereal	 Alberta
 Cessford	 Alberta
 Champion	 Alberta
 Chauvin	 Alberta
 Chestermere	 Alberta
 Chipewyan Lake	 Alberta
 Chipman	 Alberta
 Clairmont	 Alberta
 Claresholm	 Alberta
 Clive	 Alberta
 Clyde	 Alberta
 Coaldale	 Alberta
 Coalhurst	 Alberta
 Cochrane	 Alberta
 Cold Lake	 Alberta
 Conklin	 Alberta
 Consort	 Alberta
 Coronation	 Alberta
 Coutts	 Alberta
 Cowley	 Alberta
 Craigmyle	 Alberta
 Cremona	 Alberta
 Crossfield	 Alberta
 Crowsnest Pass	 Alberta
 Czar	 Alberta
 Daysland	 Alberta
 DeBolt	 Alberta
 Delburne	 Alberta
 Delia	 Alberta
 Derwent	 Alberta
 Devon	 Alberta
 Dewberry	 Alberta
 Didsbury	 Alberta
 Dixonville	 Alberta
 Donalda	 Alberta
 Donnelly	 Alberta
 Drayton Valley	 Alberta
 Drumheller	 Alberta
 Duchess	 Alberta
 Eaglesham	 Alberta
 East Coulee	 Alberta
 Eckville	 Alberta
 Edgerton	 Alberta
 Edmonton	 Alberta
 Edson	 Alberta
 Elk Point	 Alberta
 Elkwater	 Alberta
 Elnora	 Alberta
 Empress	 Alberta
 Enchant	 Alberta
 Etzikom	 Alberta
 Evansburg	 Alberta
 Exshaw	 Alberta
 Fairview	 Alberta
 Falher	 Alberta
 Faust	 Alberta
 Ferintosh	 Alberta
 Flatbush	 Alberta
 Foremost	 Alberta
 Forestburg	 Alberta
 Fort Assiniboine	 Alberta
 Fort Chipewyan	 Alberta
 Fort MacKay	 Alberta
 Fort Macleod	 Alberta
 Fort McMurray	 Alberta
 Fort Saskatchewan	 Alberta
 Fort Vermilion	 Alberta
 Fox Creek	 Alberta
 Fox Lake	 Alberta
 Gadsby	 Alberta
 Galahad	 Alberta
 Gibbons	 Alberta
 Gift Lake	 Alberta
 Girouxville	 Alberta
 Gleichen	 Alberta
 Glendon	 Alberta
 Glenwood	 Alberta
 Grand Centre	 Alberta
 Grande Cache	 Alberta
 Grande Prairie	 Alberta
 Granum	 Alberta
 Grassland	 Alberta
 Grassy Lake	 Alberta
 Grimshaw	 Alberta
 Grouard	 Alberta
 Hairy Hill	 Alberta
 Halkirk	 Alberta
 Hanna	 Alberta
 Hardisty	 Alberta
 Hay Lakes	 Alberta
 Hays	 Alberta
 Heinsburg	 Alberta
 Heisler	 Alberta
 High Level	 Alberta
 High Prairie	 Alberta
 High River	 Alberta
 Hilda	 Alberta
 Hines Creek	 Alberta
 Hinton	 Alberta
 Hobbema	 Alberta
 Holden	 Alberta
 Hughenden	 Alberta
 Hussar	 Alberta
 Hythe	 Alberta
 Innisfail	 Alberta
 Innisfree	 Alberta
 Irma	 Alberta
 Iron Springs	 Alberta
 Irricana	 Alberta
 Irvine	 Alberta
 Islay	 Alberta
 Jarvie	 Alberta
 Jasper	 Alberta
 Jenner	 Alberta
 Joussard	 Alberta
 Kananaskis	 Alberta
 Keephills	 Alberta
 Keg River	 Alberta
 Killam	 Alberta
 Kinuso	 Alberta
 Kitscoty	 Alberta
 La Crete	 Alberta
 Lac La Biche	 Alberta
 Lacombe	 Alberta
 Lake Louise	 Alberta
 Lamont	 Alberta
 Langdon	 Alberta
 Lavoy	 Alberta
 Leduc	 Alberta
 Legal	 Alberta
 Leslieville	 Alberta
 Lethbridge	 Alberta
 Lloydminster	 Alberta
 Lodgepole	 Alberta
 Lomond	 Alberta
 Longview	 Alberta
 Lougheed	 Alberta
 Magrath	 Alberta
 Ma-Me-O Beach	 Alberta
 Manning	 Alberta
 Mannville	 Alberta
 Manyberries	 Alberta
 Marlboro	 Alberta
 Marwayne	 Alberta
 Mayerthorpe	 Alberta
 McLennan	 Alberta
 Meander River	 Alberta
 Medicine Hat	 Alberta
 Milk River	 Alberta
 Millet	 Alberta
 Milo	 Alberta
 Minburn	 Alberta
 Mirror	 Alberta
 Morinville	 Alberta
 Morley	 Alberta
 Morrin	 Alberta
 Mulhurst	 Alberta
 Mundare	 Alberta
 Myrnam	 Alberta
 Namao	 Alberta
 Nampa	 Alberta
 Nanton	 Alberta
 New Dayton	 Alberta
 New Norway	 Alberta
 New Sarepta	 Alberta
 Newbrook	 Alberta
 Nisku	 Alberta
 Niton Junction	 Alberta
 Nobleford	 Alberta
 Nordegg	 Alberta
 Okotoks	 Alberta
 Olds	 Alberta
 Onoway	 Alberta
 Oyen	 Alberta
 Paradise Valley	 Alberta
 Peace River	 Alberta
 Peerless Lake	 Alberta
 Peers	 Alberta
 Penhold	 Alberta
 Picture Butte	 Alberta
 Pincher Creek	 Alberta
 Plamondon	 Alberta
 Ponoka	 Alberta
 Provost	 Alberta
 Radway	 Alberta
 Rainbow Lake	 Alberta
 Ralston	 Alberta
 Raymond	 Alberta
 Red Deer	 Alberta
 Redcliff	 Alberta
 Redwater	 Alberta
 Rimbey	 Alberta
 Robb	 Alberta
 Rochester	 Alberta
 Rocky Mountain House	 Alberta
 Rockyford	 Alberta
 Rolling Hills	 Alberta
 Rosalind	 Alberta
 Rosebud	 Alberta
 Rumsey	 Alberta
 Rycroft	 Alberta
 Ryley	 Alberta
 Sangudo	 Alberta
 Saskatchewan River Crossing	 Alberta
 Schuler	 Alberta
 Seba Beach	 Alberta
 Sedgewick	 Alberta
 Seven Persons	 Alberta
 Sexsmith	 Alberta
 Sherwood Park	 Alberta
 Sibbald	 Alberta
 Silver Valley	 Alberta
 Slave Lake	 Alberta
 Smith	 Alberta
 Smoky Lake	 Alberta
 Spirit River	 Alberta
 Spruce Grove	 Alberta
 Spruce View	 Alberta
 St. Albert	 Alberta
 St. Michael	 Alberta
 St. Paul	 Alberta
 Stand Off	 Alberta
 Standard	 Alberta
 Stavely	 Alberta
 Stettler	 Alberta
 Stirling	 Alberta
 Stony Plain	 Alberta
 Strathmore	 Alberta
 Strome	 Alberta
 Sundre	 Alberta
 Swan Hills	 Alberta
 Sylvan Lake	 Alberta
 Taber	 Alberta
 Thorhild	 Alberta
 Thorsby	 Alberta
 Three Hills	 Alberta
 Tilley	 Alberta
 Tofield	 Alberta
 Tomahawk	 Alberta
 Torrington	 Alberta
 Trochu	 Alberta
 Trout Lake	 Alberta
 Turner Valley	 Alberta
 Two Hills	 Alberta
 Valleyview	 Alberta
 Vauxhall	 Alberta
 Vegreville	 Alberta
 Vermilion	 Alberta
 Veteran	 Alberta
 Viking	 Alberta
 Vilna	 Alberta
 Vulcan	 Alberta
 Wabamun	 Alberta
 Wainwright	 Alberta
 Walsh	 Alberta
 Wandering River	 Alberta
 Wanham	 Alberta
 Warburg	 Alberta
 Warner	 Alberta
 Warspite	 Alberta
 Waskatenau	 Alberta
 Wembley	 Alberta
 Westlock	 Alberta
 Wetaskiwin	 Alberta
 Whitecourt	 Alberta
 Whitelaw	 Alberta
 Widewater	 Alberta
 Wildwood	 Alberta
 Willingdon	 Alberta
 Winfield	 Alberta
 Woking	 Alberta
 Worsley	 Alberta
 Wrentham	 Alberta
 Youngstown	 Alberta
 100 Mile House	 BC
 108 Mile House	 BC
 108 Mile Ranch	 BC
 150 Mile House	 BC
 Abbotsford	 BC
 Agassiz	 BC
 Ahousat	 BC
 Aldergrove	 BC
 Alert Bay	 BC
 Alexis Creek	 BC
 Alkali Lake	 BC
 Armstrong	 BC
 Ashcroft	 BC
 Atlin	 BC
 Avola	 BC
 Balfour	 BC
 Bamfield	 BC
 Barriere	 BC
 Beach Grove	 BC
 Bear Lake	 BC
 Beaver Cove	 BC
 Beaverdell	 BC
 Bella Bella	 BC
 Bella Coola	 BC
 Black Creek	 BC
 Black Point	 BC
 Blue River	 BC
 Bob Quinn Lake	 BC
 Boston Bar	 BC
 Boswell	 BC
 Bowen Island	 BC
 Bowser	 BC
 Bridge Lake	 BC
 Britannia Beach	 BC
 Burnaby	 BC
 Burns Lake	 BC
 Cache Creek	 BC
 Campbell River	 BC
 Canal Flats	 BC
 Cassiar	 BC
 Castlegar	 BC
 Celista	 BC
 Chase	 BC
 Chemainus	 BC
 Chetwynd	 BC
 Chilliwack	 BC
 Christina Lake	 BC
 Clearwater	 BC
 Clinton	 BC
 Cobble Hill	 BC
 Colwood	 BC
 Comox	 BC
 Coquitlam	 BC
 Courtenay	 BC
 Cowichan Bay	 BC
 Cranbrook	 BC
 Crawford Bay	 BC
 Crescent Beach	 BC
 Creston	 BC
 Cumberland	 BC
 D`Arcy	 BC
 Dawson Creek	 BC
 Dease Lake	 BC
 Delta	 BC
 Donald	 BC
 Douglas Lake	 BC
 Duncan	 BC
 Dunster	 BC
 East Pine	 BC
 Elkford	 BC
 Elko	 BC
 Enderby	 BC
 Estevan Point	 BC
 Fairmont Hot Springs	 BC
 Falkland	 BC
 Fauquier	 BC
 Fernie	 BC
 Field	 BC
 Flatrock	 BC
 Forest Grove	 BC
 Fort Fraser	 BC
 Fort Nelson	 BC
 Fort St. James	 BC
 Fort St. John	 BC
 Fraser Lake	 BC
 Fruitvale	 BC
 Gabriola	 BC
 Galiano Island	 BC
 Ganges	 BC
 Gibsons	 BC
 Giscome	 BC
 Gold Bridge	 BC
 Gold River	 BC
 Golden	 BC
 Good Hope Lake	 BC
 Grand Forks	 BC
 Granisle	 BC
 Grasmere	 BC
 Grassy Plains	 BC
 Greenville	 BC
 Greenwood	 BC
 Hartley Bay	 BC
 Hazelton	 BC
 Hedley	 BC
 Hemlock Valley	 BC
 Hendrix Lake	 BC
 Hixon	 BC
 Holberg	 BC
 Hope	 BC
 Horsefly	 BC
 Houston	 BC
 Hudson`s Hope	 BC
 Invermere	 BC
 Iskut	 BC
 Jaffray	 BC
 Kamloops	 BC
 Kaslo	 BC
 Kelowna	 BC
 Kemano	 BC
 Keremeos	 BC
 Kimberley	 BC
 Kincolith	 BC
 Kitimat	 BC
 Kitkatla	 BC
 Kitsault	 BC
 Kitwanga	 BC
 Klemtu	 BC
 Kyuquot	 BC
 Lac la Hache	 BC
 Ladysmith	 BC
 Lake Cowichan	 BC
 Langara	 BC
 Langley	 BC
 Lantzville	 BC
 Likely	 BC
 Lillooet	 BC
 Little Fort	 BC
 Logan Lake	 BC
 Loos	 BC
 Lower Post	 BC
 Lumby	 BC
 Lytton	 BC
 Mackenzie	 BC
 Maple Ridge	 BC
 Masset	 BC
 McBride	 BC
 McLeese Lake	 BC
 McLeod Lake	 BC
 Merritt	 BC
 Mica Creek	 BC
 Midway	 BC
 Mission	 BC
 Montney	 BC
 Moyie	 BC
 Muncho Lake	 BC
 Nakusp	 BC
 Nanaimo	 BC
 Naramata	 BC
 Nelson	 BC
 New Aiyansh	 BC
 New Denver	 BC
 New Westminster	 BC
 Nimpo Lake	 BC
 North Saanich	 BC
 North Vancouver	 BC
 Ocean Falls	 BC
 Ocean Park	 BC
 Okanagan Falls	 BC
 Oliver	 BC
 Osoyoos	 BC
 Oyama	 BC
 Parksville	 BC
 Parson	 BC
 Peachland	 BC
 Pemberton	 BC
 Penticton	 BC
 Pitt Meadows	 BC
 Port Alberni	 BC
 Port Alice	 BC
 Port Clements	 BC
 Port Coquitlam	 BC
 Port Edward	 BC
 Port Hardy	 BC
 Port McNeill	 BC
 Port Mellon	 BC
 Port Moody	 BC
 Port Renfrew	 BC
 Pouce Coupe	 BC
 Powell River	 BC
 Prespatou	 BC
 Prince George	 BC
 Prince Rupert	 BC
 Princeton	 BC
 Prophet River	 BC
 Quadra Island	 BC
 Qualicum Beach	 BC
 Queen Charlotte	 BC
 Quesnel	 BC
 Radium Hot Springs	 BC
 Red Rock	 BC
 Revelstoke	 BC
 Richmond	 BC
 Riondel	 BC
 Riske Creek	 BC
 Rock Creek	 BC
 Rolla	 BC
 Rossland	 BC
 Saanich	 BC
 Salmo	 BC
 Salmon Arm	 BC
 Salmon Valley	 BC
 Sandspit	 BC
 Savona	 BC
 Sayward	 BC
 Sechelt	 BC
 Shalalth	 BC
 Sicamous	 BC
 Sidney	 BC
 Skookumchuck	 BC
 Slocan	 BC
 Smithers	 BC
 Sointula	 BC
 Sooke	 BC
 Sorrento	 BC
 South Slocan	 BC
 Sparwood	 BC
 Spences Bridge	 BC
 Spillimacheen	 BC
 Squamish	 BC
 Stewart	 BC
 Summerland	 BC
 Summit Lake	 BC
 Surrey	 BC
 Tachie	 BC
 Tahsis	 BC
 Tatla Lake	 BC
 Taylor	 BC
 Telegraph Creek	 BC
 Telkwa	 BC
 Terrace	 BC
 Thrums	 BC
 Toad River	 BC
 Tofino	 BC
 Topley	 BC
 Trail	 BC
 Trout Lake	 BC
 Tsay Keh Dene	 BC
 Tumbler Ridge	 BC
 Ucluelet	 BC
 Valemount	 BC
 Vallican	 BC
 Van Anda	 BC
 Vancouver	 BC
 Vanderhoof	 BC
 Vavenby	 BC
 Vernon	 BC
 Victoria	 BC
 View Royal	 BC
 Wells	 BC
 West Vancouver	 BC
 Westbank	 BC
 Westwold	 BC
 Whistler	 BC
 White Rock	 BC
 Williams Lake	 BC
 Willowbrook	 BC
 Winfield	 BC
 Winter Harbour	 BC
 Wonowon	 BC
 Wynndel	 BC
 Yahk	 BC
 Yale	 BC
 Youbou	 BC
 Zeballos	 BC
 Agassiz Provincial Forest	 Manitoba
 Alexander	 Manitoba
 Alonsa	 Manitoba
 Altona	 Manitoba
 Arborg	 Manitoba
 Ashern	 Manitoba
 Austin	 Manitoba
 Baldur	 Manitoba
 Basswood	 Manitoba
 Beausejour	 Manitoba
 Belmont	 Manitoba
 Benito	 Manitoba
 Berens River	 Manitoba
 Beulah	 Manitoba
 Binscarth	 Manitoba
 Birtle	 Manitoba
 Bissett	 Manitoba
 Boissevain	 Manitoba
 Brandon	 Manitoba
 Brochet	 Manitoba
 Brookdale	 Manitoba
 Camperville	 Manitoba
 Carberry	 Manitoba
 Carman	 Manitoba
 Cartwright	 Manitoba
 Churchill	 Manitoba
 Cormorant	 Manitoba
 Cowan	 Manitoba
 Cranberry Portage	 Manitoba
 Crandall	 Manitoba
 Cross Lake	 Manitoba
 Crystal City	 Manitoba
 Cypress River	 Manitoba
 Darlingford	 Manitoba
 Dauphin	 Manitoba
 Deloraine	 Manitoba
 Dominion City	 Manitoba
 Dugald	 Manitoba
 Easterville	 Manitoba
 Eddystone	 Manitoba
 Edwin	 Manitoba
 Elgin	 Manitoba
 Elie	 Manitoba
 Elkhorn	 Manitoba
 Elm Creek	 Manitoba
 Emerson	 Manitoba
 Erickson	 Manitoba
 Eriksdale	 Manitoba
 Ethelbert	 Manitoba
 Falcon Lake	 Manitoba
 Fisher Branch	 Manitoba
 Fisher River	 Manitoba
 Flin Flon	 Manitoba
 Fork River	 Manitoba
 Foxwarren	 Manitoba
 Gilbert Plains	 Manitoba
 Gillam	 Manitoba
 Gimli	 Manitoba
 Gladstone	 Manitoba
 Glenboro	 Manitoba
 Glenella	 Manitoba
 Gods Lake Narrows	 Manitoba
 Grand Beach	 Manitoba
 Grand Rapids	 Manitoba
 Grandview	 Manitoba
 Gretna	 Manitoba
 Gypsumville	 Manitoba
 Hadashville	 Manitoba
 Hamiota	 Manitoba
 Hartney	 Manitoba
 Hecla	 Manitoba
 Holland	 Manitoba
 Ilford	 Manitoba
 Inwood	 Manitoba
 Island Lake	 Manitoba
 Kelwood	 Manitoba
 Kenton	 Manitoba
 Killarney	 Manitoba
 La Broquerie	 Manitoba
 Lac Brochet	 Manitoba
 Lac du Bonnet	 Manitoba
 Langruth	 Manitoba
 Leaf Rapids	 Manitoba
 Libau	 Manitoba
 Little Grand Rapids	 Manitoba
 Lockport	 Manitoba
 Lundar	 Manitoba
 Lynn Lake	 Manitoba
 MacGregor	 Manitoba
 Mafeking	 Manitoba
 Manigotagan	 Manitoba
 Manitou	 Manitoba
 McAuley	 Manitoba
 McCreary	 Manitoba
 Melita	 Manitoba
 Miami	 Manitoba
 Miniota	 Manitoba
 Minnedosa	 Manitoba
 Minto	 Manitoba
 Moose Lake	 Manitoba
 Morden	 Manitoba
 Morris	 Manitoba
 Neepawa	 Manitoba
 Nelson House	 Manitoba
 Newdale	 Manitoba
 Niverville	 Manitoba
 Norway House	 Manitoba
 Notre Dame de Lourdes	 Manitoba
 Oak Lake	 Manitoba
 Oak River	 Manitoba
 Oakville	 Manitoba
 Ochre River	 Manitoba
 Oxford House	 Manitoba
 Peguis	 Manitoba
 Pelican Rapids	 Manitoba
 Pikwitonei	 Manitoba
 Pilot Mound	 Manitoba
 Pinawa	 Manitoba
 Pine Dock	 Manitoba
 Pine Falls	 Manitoba
 Pine River	 Manitoba
 Piney	 Manitoba
 Plum Coulee	 Manitoba
 Plumas	 Manitoba
 Pointe du Bois	 Manitoba
 Poplar River	 Manitoba
 Poplarfield	 Manitoba
 Portage la Prairie	 Manitoba
 Rapid City	 Manitoba
 Rathwell	 Manitoba
 Red Sucker Lake	 Manitoba
 Rennie	 Manitoba
 Reston	 Manitoba
 Rivers	 Manitoba
 Riverton	 Manitoba
 Roblin	 Manitoba
 Roland	 Manitoba
 Rorketon	 Manitoba
 Rossburn	 Manitoba
 Russell	 Manitoba
 Sandy Lake	 Manitoba
 Sanford	 Manitoba
 Selkirk	 Manitoba
 Shamattawa	 Manitoba
 Shilo	 Manitoba
 Shoal Lake	 Manitoba
 Sidney	 Manitoba
 Sifton	 Manitoba
 Snow Lake	 Manitoba
 Snowflake	 Manitoba
 Somerset	 Manitoba
 Souris	 Manitoba
 South Indian Lake	 Manitoba
 Sperling	 Manitoba
 Split Lake	 Manitoba
 Sprague	 Manitoba
 St. Claude	 Manitoba
 St. Francois Xavier	 Manitoba
 St. Jean Baptiste	 Manitoba
 St. Laurent	 Manitoba
 St. Lazare	 Manitoba
 Starbuck	 Manitoba
 Ste. Agathe	 Manitoba
 Ste. Rose du Lac	 Manitoba
 Steep Rock	 Manitoba
 Steinbach	 Manitoba
 Stonewall	 Manitoba
 St-Pierre-Jolys	 Manitoba
 Strathclair	 Manitoba
 Swan Lake	 Manitoba
 Swan River	 Manitoba
 Tadoule Lake	 Manitoba
 Teulon	 Manitoba
 The Pas	 Manitoba
 Thicket Portage	 Manitoba
 Thompson	 Manitoba
 Treherne	 Manitoba
 Virden	 Manitoba
 Vita	 Manitoba
 Waasagomach	 Manitoba
 Wabowden	 Manitoba
 Wanless	 Manitoba
 Wasagaming	 Manitoba
 Waterhen	 Manitoba
 Wawanesa	 Manitoba
 Whitemouth	 Manitoba
 Winkler	 Manitoba
 Winnipeg	 Manitoba
 Winnipeg Beach	 Manitoba
 Winnipegosis	 Manitoba
 Woodridge	 Manitoba
 Albert	 NB
 Albert Mines	 NB
 Allardville	 NB
 Alma	 NB
 Baie-Ste-Anne	 NB
 Baker Brook	 NB
 Balmoral	 NB
 Bath	 NB
 Bathurst	 NB
 Belledune	 NB
 Beresford	 NB
 Blacks Harbour	 NB
 Blackville	 NB
 Boiestown	 NB
 Bouctouche	 NB
 Browns Flat	 NB
 Campbellton	 NB
 Campobello Island	 NB
 Canterbury	 NB
 Cap-Pele	 NB
 Caraquet	 NB
 Centreville	 NB
 Chatham	 NB
 Chipman	 NB
 Clair	 NB
 Clarks Corners	 NB
 Cocagne	 NB
 Dalhousie	 NB
 Debec	 NB
 Dieppe	 NB
 Doaktown	 NB
 Dorchester	 NB
 Edmundston	 NB
 Florenceville	 NB
 Fords Mills	 NB
 Fredericton	 NB
 Fredericton Junction	 NB
 Gagetown	 NB
 Glassville	 NB
 Grand Bay	 NB
 Grand Falls	 NB
 Grand Manan	 NB
 Grande-Anse	 NB
 Grand-Sault	 NB
 Hampstead	 NB
 Hampton	 NB
 Harewood	 NB
 Hartland	 NB
 Havelock	 NB
 Hillsborough	 NB
 Hoyt	 NB
 Jacquet River	 NB
 Kedgwick	 NB
 Keswick	 NB
 Lameque	 NB
 Maces Bay	 NB
 McAdam	 NB
 Meductic	 NB
 Memramcook	 NB
 Millville	 NB
 Minto	 NB
 Miramichi	 NB
 Miscou Island	 NB
 Moncton	 NB
 Nackawic	 NB
 Neguac	 NB
 New Denmark	 NB
 Norton	 NB
 Oromocto	 NB
 Paquetville	 NB
 Perth-Andover	 NB
 Petit Rocher	 NB
 Petitcodiac	 NB
 Plaster Rock	 NB
 Port Elgin	 NB
 Quispamsis	 NB
 Red Bank	 NB
 Richibucto	 NB
 Riverview	 NB
 Rogersville	 NB
 Rothesay	 NB
 Sackville	 NB
 Saint Andrews	 NB
 Saint John	 NB
 Salisbury	 NB
 Shediac	 NB
 Shippagan	 NB
 Springfield	 NB
 St. George	 NB
 St. Leonard	 NB
 St. Martins	 NB
 St. Stephen	 NB
 Stanley	 NB
 St-Antoine	 NB
 St-Basile	 NB
 Ste-Anne-de-Madawaska	 NB
 St-Isidore	 NB
 St-Louis de Kent	 NB
 St-Quentin	 NB
 Summerville	 NB
 Sussex	 NB
 Tabusintac	 NB
 Tobique First Nation	 NB
 Tracadie-Sheila	 NB
 Welsford	 NB
 Westfield	 NB
 Woodstock	 NB
 Young`s Cove Road	 NB
 Appleton	 Newfoundland
 Argentia	 Newfoundland
 Arnold`s Cove	 Newfoundland
 Avondale	 Newfoundland
 Badger	 Newfoundland
 Baie Verte	 Newfoundland
 Batteau	 Newfoundland
 Battle Harbour	 Newfoundland
 Bauline	 Newfoundland
 Bay Bulls	 Newfoundland
 Bay de Verde	 Newfoundland
 Bay L`Argent	 Newfoundland
 Bay Roberts	 Newfoundland
 Beaumont	 Newfoundland
 Bell Island	 Newfoundland
 Belleoram	 Newfoundland
 Bellevue	 Newfoundland
 Benoit`s Cove	 Newfoundland
 Birchy Bay	 Newfoundland
 Bishop`s Falls	 Newfoundland
 Black Duck Cove	 Newfoundland
 Black Tickle	 Newfoundland
 Bonavista	 Newfoundland
 Botwood	 Newfoundland
 Boyd`s Cove	 Newfoundland
 Branch	 Newfoundland
 Brent`s Cove	 Newfoundland
 Brigus	 Newfoundland
 Buchans	 Newfoundland
 Burgeo	 Newfoundland
 Burin	 Newfoundland
 Burlington	 Newfoundland
 Burnt Islands	 Newfoundland
 Campbellton	 Newfoundland
 Cape Broyle	 Newfoundland
 Carbonear	 Newfoundland
 Carmanville	 Newfoundland
 Cartwright	 Newfoundland
 Catalina	 Newfoundland
 Centreville-Wareham-Trinity	 Newfoundland
 Chance Cove	 Newfoundland
 Change islands	 Newfoundland
 Chapel Arm	 Newfoundland
 Charlottetown	 Newfoundland
 Churchill Falls	 Newfoundland
 Clarenville	 Newfoundland
 Clarenville-Shoal Harbour	 Newfoundland
 Clarke`s Beach	 Newfoundland
 Codroy	 Newfoundland
 Colliers	 Newfoundland
 Come By Chance	 Newfoundland
 Comfort Cove-Newstead	 Newfoundland
 Conception Bay South	 Newfoundland
 Conception Harbour	 Newfoundland
 Conche	 Newfoundland
 Conne River	 Newfoundland
 Cook`s Harbour	 Newfoundland
 Corner Brook	 Newfoundland
 Cottlesville	 Newfoundland
 Cow Head	 Newfoundland
 Cupids	 Newfoundland
 Daniel`s Harbour	 Newfoundland
 Davis Inlet	 Newfoundland
 Deer Lake	 Newfoundland
 Dover	 Newfoundland
 Eastport	 Newfoundland
 Elliston	 Newfoundland
 Embree	 Newfoundland
 Englee	 Newfoundland
 English Harbour East	 Newfoundland
 Fair Haven	 Newfoundland
 Fermeuse	 Newfoundland
 Flatrock	 Newfoundland
 Fleur de Lys	 Newfoundland
 Flower`s Cove	 Newfoundland
 Fogo	 Newfoundland
 Forteau	 Newfoundland
 Fortune	 Newfoundland
 Fox Cove-Mortier	 Newfoundland
 Frenchmans Island	 Newfoundland
 Freshwater	 Newfoundland
 Gambo	 Newfoundland
 Gander	 Newfoundland
 Garnish	 Newfoundland
 Gaultois	 Newfoundland
 Glenwood	 Newfoundland
 Glovertown	 Newfoundland
 Goose Bay	 Newfoundland
 Grand Bank	 Newfoundland
 Grand Falls	 Newfoundland
 Grand Falls-Windsor	 Newfoundland
 Great Harbour Deep	 Newfoundland
 Green Island Cove	 Newfoundland
 Greenspond	 Newfoundland
 Hampden	 Newfoundland
 Hant`s Harbour	 Newfoundland
 Happy Valley-Goose Bay	 Newfoundland
 Harbour Breton	 Newfoundland
 Harbour Grace	 Newfoundland
 Harbour Main-Chapel Cove-Lakev	 Newfoundland
 Hare Bay	 Newfoundland
 Hawke`s Bay	 Newfoundland
 Heart`s Content	 Newfoundland
 Heart`s Delight-Islington	 Newfoundland
 Heart`s Desire	 Newfoundland
 Hickman`s Harbour	 Newfoundland
 Hillgrade	 Newfoundland
 Hillview	 Newfoundland
 Holyrood	 Newfoundland
 Hopedale	 Newfoundland
 Howley	 Newfoundland
 Humber Arm South	 Newfoundland
 Indian Tickle	 Newfoundland
 Island Harbour	 Newfoundland
 Isle aux Morts	 Newfoundland
 Jackson`s Arm	 Newfoundland
 Jamestown	 Newfoundland
 Joe Batt`s Arm-Barr`d Islands-	 Newfoundland
 King`s Cove	 Newfoundland
 King`s Point	 Newfoundland
 Kippens	 Newfoundland
 L`Anse-au-Loup	 Newfoundland
 La Scie	 Newfoundland
 Labrador City	 Newfoundland
 Ladle Cove	 Newfoundland
 Lamaline	 Newfoundland
 Lark Harbour	 Newfoundland
 Lawn	 Newfoundland
 Lewisporte	 Newfoundland
 Little Bay	 Newfoundland
 Little Bay Islands	 Newfoundland
 Little Burnt Bay	 Newfoundland
 Little Catalina	 Newfoundland
 Little Heart`s Ease	 Newfoundland
 Logy Bay-Middle Cove-Outer Cov	 Newfoundland
 Long Harbour-Mount Arlington H	 Newfoundland
 Long Pond	 Newfoundland
 Lourdes	 Newfoundland
 Lower Island Cove	 Newfoundland
 Lumsden	 Newfoundland
 Main Brook	 Newfoundland
 Makkovik	 Newfoundland
 Mary`s Harbour	 Newfoundland
 Marystown	 Newfoundland
 Massey Drive	 Newfoundland
 McIver`s	 Newfoundland
 Millertown	 Newfoundland
 Milltown-Head of Bay D`Espoir	 Newfoundland
 Ming`s Bight	 Newfoundland
 Monkstown	 Newfoundland
 Mount Carmel-Mitchells Brook-S	 Newfoundland
 Mount Moriah	 Newfoundland
 Mount Pearl	 Newfoundland
 Musgrave Harbour	 Newfoundland
 Musgravetown	 Newfoundland
 Nain	 Newfoundland
 New Harbour	 Newfoundland
 New Perlican	 Newfoundland
 New-Wes-Valley	 Newfoundland
 Nippers Harbour	 Newfoundland
 Norman`s Cove-Long Cove	 Newfoundland
 Norris Arm	 Newfoundland
 North West River	 Newfoundland
 Northern Arm	 Newfoundland
 Old Perlican	 Newfoundland
 Packs Harbour	 Newfoundland
 Pacquet	 Newfoundland
 Paradise	 Newfoundland
 Paradise River	 Newfoundland
 Pasadena	 Newfoundland
 Peterview	 Newfoundland
 Petty Harbour-Maddox Cove	 Newfoundland
 Placentia	 Newfoundland
 Plate Cove East	 Newfoundland
 Point Leamington	 Newfoundland
 Pool`s Cove	 Newfoundland
 Port au Choix	 Newfoundland
 Port au Port West-Aguathuna-Fe	 Newfoundland
 Port Aux Basques	 Newfoundland
 Port Blandford	 Newfoundland
 Port Hope Simpson	 Newfoundland
 Port Rexton	 Newfoundland
 Port Saunders	 Newfoundland
 Port Union	 Newfoundland
 Portugal Cove-St. Philip`s	 Newfoundland
 Postville	 Newfoundland
 Pouch Cove	 Newfoundland
 Princeton	 Newfoundland
 Raleigh	 Newfoundland
 Ramea	 Newfoundland
 Red Bay	 Newfoundland
 Reefs Harbour	 Newfoundland
 Rencontre East	 Newfoundland
 Rigolet	 Newfoundland
 River of Ponds	 Newfoundland
 Robert`s Arm	 Newfoundland
 Rocky Harbour	 Newfoundland
 Roddickton	 Newfoundland
 Rose Blanche-Harbour Le Cou	 Newfoundland
 Rushoon	 Newfoundland
 Salmon Cove	 Newfoundland
 Salvage	 Newfoundland
 Seal Cove	 Newfoundland
 Seldom-Little Seldom	 Newfoundland
 Small Point-Broad Cove-Blackhe	 Newfoundland
 South Brook	 Newfoundland
 South River	 Newfoundland
 Southern Harbour	 Newfoundland
 Spaniard`s Bay	 Newfoundland
 Spotted Island	 Newfoundland
 Springdale	 Newfoundland
 St. Alban`s	 Newfoundland
 St. Anthony	 Newfoundland
 St. Bernard`s-Jacques Fontaine	 Newfoundland
 St. Brendan`s	 Newfoundland
 St. Bride`s	 Newfoundland
 St. George`s	 Newfoundland
 St. Jacques-Coomb`s Cove	 Newfoundland
 St. John`s	 Newfoundland
 St. Lawrence	 Newfoundland
 St. Lewis	 Newfoundland
 St. Lunaire-Griquet	 Newfoundland
 St. Mary`s	 Newfoundland
 St. Vincent`s-St. Stephen`s-Pe	 Newfoundland
 Steady Brook	 Newfoundland
 Stephenville	 Newfoundland
 Stephenville Crossing	 Newfoundland
 Summerford	 Newfoundland
 Summerside	 Newfoundland
 Sunnyside	 Newfoundland
 Terra Nova	 Newfoundland
 Terrenceville	 Newfoundland
 Torbay	 Newfoundland
 Trepassey	 Newfoundland
 Triton	 Newfoundland
 Trout River	 Newfoundland
 Twillingate	 Newfoundland
 Upper Island Cove	 Newfoundland
 Victoria	 Newfoundland
 Wabana	 Newfoundland
 Wabush	 Newfoundland
 Wesleyville	 Newfoundland
 Western Bay	 Newfoundland
 Westport	 Newfoundland
 Whitbourne	 Newfoundland
 Winterton	 Newfoundland
 Witless Bay	 Newfoundland
 Woody Point	 Newfoundland
 Aklavik	 NT
 Edzo	 NT
 Enterprise	 NT
 Fort Good Hope	 NT
 Fort Liard	 NT
 Fort McPherson	 NT
 Fort Providence	 NT
 Fort Simpson	 NT
 Fort Smith	 NT
 Hay River	 NT
 Inuvik	 NT
 Jean Marie River	 NT
 Kakisa	 NT
 Kugluktuk	 NT
 Nahanni Butte	 NT
 Norman Wells	 NT
 Rae	 NT
 Rae Lakes	 NT
 Trout Lake	 NT
 Tsiigehtchic	 NT
 Tuktoyaktuk	 NT
 Wrigley	 NT
 Yellowknife	 NT
 Advocate Harbour	 NS
 Amherst	 NS
 Annapolis Royal	 NS
 Antigonish	 NS
 Argyle	 NS
 Arichat	 NS
 Aylesford	 NS
 Baddeck	 NS
 Bass River	 NS
 Bear River	 NS
 Berwick	 NS
 Blandford	 NS
 Boisdale	 NS
 Boularderie	 NS
 Bridgetown	 NS
 Bridgewater	 NS
 Brookfield	 NS
 Canning	 NS
 Canso	 NS
 Caribou	 NS
 Carleton	 NS
 Chelsea	 NS
 Chester	 NS
 Cheticamp	 NS
 Cheverie	 NS
 Clark`s Harbour	 NS
 Clarksville	 NS
 Collingwood Corner	 NS
 Dartmouth	 NS
 Debert	 NS
 Digby	 NS
 Dingwall	 NS
 Dundee	 NS
 East Bay	 NS
 Ecum Secum	 NS
 Elmsdale	 NS
 Eskasoni	 NS
 Freeport	 NS
 French Village	 NS
 Gabarus	 NS
 Glace Bay	 NS
 Goldboro	 NS
 Goshen	 NS
 Grand Etang	 NS
 Grand Lake	 NS
 Grand Narrows	 NS
 Great Village	 NS
 Greenwood	 NS
 Guysborough	 NS
 Halifax	 NS
 Hantsport	 NS
 Heatherton	 NS
 Hopewell	 NS
 Hubbards	 NS
 Ingonish	 NS
 Inverness	 NS
 Kennetcook	 NS
 Kentville	 NS
 Kenzieville	 NS
 Ketch Harbour	 NS
 Kingston	 NS
 L`Ardoise	 NS
 LaHave	 NS
 Lake Charlotte	 NS
 Larrys River	 NS
 Lawrencetown	 NS
 Liverpool	 NS
 Lockeport	 NS
 Louisbourg	 NS
 Louisdale	 NS
 Lunenburg	 NS
 Mabou	 NS
 Maccan	 NS
 Mahone Bay	 NS
 Maitland	 NS
 Margaree Forks	 NS
 Marion Bridge	 NS
 Melrose	 NS
 Merigomish	 NS
 Meteghan	 NS
 Middleton	 NS
 Monastery	 NS
 Mount Uniacke	 NS
 Mulgrave	 NS
 Musquodoboit Harbour	 NS
 New Germany	 NS
 New Glasgow	 NS
 New Ross	 NS
 New Waterford	 NS
 Noel	 NS
 North Sydney	 NS
 Oxford	 NS
 Parrsboro	 NS
 Peggy`s Cove	 NS
 Pictou	 NS
 Port Bickerton	 NS
 Port Dufferin	 NS
 Port Greville	 NS
 Port Hawkesbury	 NS
 Port Hood	 NS
 Port La Tour	 NS
 Port Maitland	 NS
 Port Morien	 NS
 Port Mouton	 NS
 Pubnico	 NS
 Pugwash	 NS
 Queensport	 NS
 River Hebert	 NS
 River John	 NS
 Riverport	 NS
 Salt Springs	 NS
 Saulnierville	 NS
 Shelburne	 NS
 Sherbrooke	 NS
 Shubenacadie	 NS
 Southampton	 NS
 Springfield	 NS
 Springhill	 NS
 St. Margaret Village	 NS
 St. Peter`s	 NS
 Stellarton	 NS
 Stewiacke	 NS
 Sydney	 NS
 Tangier	 NS
 Tatamagouche	 NS
 Thorburn	 NS
 Trenton	 NS
 Truro	 NS
 Tusket	 NS
 Upper Musquodoboit	 NS
 Upper Stewiacke	 NS
 Wallace	 NS
 Walton	 NS
 Waverley	 NS
 Wedgeport	 NS
 Westville	 NS
 Weymouth	 NS
 Whycocomagh	 NS
 Windsor	 NS
 Wolfville	 NS
 Yarmouth	 NS
 Arviat	 Nunavut
 Baker Lake	 Nunavut
 Cambridge Bay	 Nunavut
 Cape Dorset	 Nunavut
 Chesterfield Inlet	 Nunavut
 Coral Harbour	 Nunavut
 Gjoa Haven	 Nunavut
 Iqaluit	 Nunavut
 Rankin Inlet	 Nunavut
 Resolute	 Nunavut
 Whale Cove	 Nunavut
 Aberarder	 Ontario
 Abitibi Canyon	 Ontario
 Acton	 Ontario
 Adolphustown	 Ontario
 Ailsa Craig	 Ontario
 Ajax	 Ontario
 Alban	 Ontario
 Alderville First Nation	 Ontario
 Alexandria	 Ontario
 Alfred	 Ontario
 Algoma Mills	 Ontario
 Alliston	 Ontario
 Almonte	 Ontario
 Alvinston	 Ontario
 Amherstburg	 Ontario
 Ancaster	 Ontario
 Angus	 Ontario
 Apsley	 Ontario
 Arden	 Ontario
 Arkell	 Ontario
 Arkona	 Ontario
 Armstrong	 Ontario
 Arnprior	 Ontario
 Arthur	 Ontario
 Athens	 Ontario
 Atikokan	 Ontario
 Attawapiskat	 Ontario
 Atwood	 Ontario
 Auburn	 Ontario
 Aurora	 Ontario
 Avonmore	 Ontario
 Aylmer	 Ontario
 Ayr	 Ontario
 Ayton	 Ontario
 Azilda	 Ontario
 Baden	 Ontario
 Bailieboro	 Ontario
 Bala	 Ontario
 Balmertown	 Ontario
 Baltimore	 Ontario
 Bancroft	 Ontario
 Barrie	 Ontario
 Barry`s Bay	 Ontario
 Barwick	 Ontario
 Batawa	 Ontario
 Batchawana Bay	 Ontario
 Bath	 Ontario
 Bayfield	 Ontario
 Baysville	 Ontario
 Beachburg	 Ontario
 Beachville	 Ontario
 Beamsville	 Ontario
 Bear`s Passage	 Ontario
 Beardmore	 Ontario
 Bearskin Lake	 Ontario
 Beaverton	 Ontario
 Beeton	 Ontario
 Belle River	 Ontario
 Belleville	 Ontario
 Belmont	 Ontario
 Bethany	 Ontario
 Bethesda	 Ontario
 Big Trout Lake	 Ontario
 Binbrook	 Ontario
 Birch Island	 Ontario
 Biscotasing	 Ontario
 Blackstock	 Ontario
 Blenheim	 Ontario
 Blezard Valley	 Ontario
 Blind River	 Ontario
 Bloomfield	 Ontario
 Blyth	 Ontario
 Bobcaygeon	 Ontario
 Bolton	 Ontario
 Bonfield	 Ontario
 Borden	 Ontario
 Bothwell	 Ontario
 Bourget	 Ontario
 Bowmanville	 Ontario
 Bracebridge	 Ontario
 Bradford	 Ontario
 Bradford West Gwillimbury	 Ontario
 Braeside	 Ontario
 Brampton	 Ontario
 Brantford	 Ontario
 Brechin	 Ontario
 Breslau	 Ontario
 Bridgenorth	 Ontario
 Brigden	 Ontario
 Bright	 Ontario
 Brighton	 Ontario
 Brights Grove	 Ontario
 Britt	 Ontario
 Brockville	 Ontario
 Brooklin	 Ontario
 Brownsville	 Ontario
 Bruce Mines	 Ontario
 Brussels	 Ontario
 Buckhorn	 Ontario
 Burford	 Ontario
 Burgessville	 Ontario
 Burk`s Falls	 Ontario
 Burleigh Falls	 Ontario
 Burlington	 Ontario
 Cache Bay	 Ontario
 Calabogie	 Ontario
 Caledon	 Ontario
 Caledon East	 Ontario
 Caledonia	 Ontario
 Callander	 Ontario
 Calstock	 Ontario
 Cambray	 Ontario
 Cambridge	 Ontario
 Cameron	 Ontario
 Camlachie	 Ontario
 Campbellford	 Ontario
 Campbellville	 Ontario
 Cannington	 Ontario
 Capreol	 Ontario
 Caradoc First Nation	 Ontario
 Caramat	 Ontario
 Cardiff	 Ontario
 Cardinal	 Ontario
 Cargill	 Ontario
 Carleton Place	 Ontario
 Carnarvon	 Ontario
 Carp	 Ontario
 Cartier	 Ontario
 Casselman	 Ontario
 Castlemore	 Ontario
 Castleton	 Ontario
 Cat Lake	 Ontario
 Cavan	 Ontario
 Cayuga	 Ontario
 Centralia	 Ontario
 Chalk River	 Ontario
 Chapleau	 Ontario
 Charlton	 Ontario
 Chatham	 Ontario
 Chatsworth	 Ontario
 Chelmsford	 Ontario
 Chesley	 Ontario
 Chesterville	 Ontario
 Chiefs Point First Nation	 Ontario
 Chippewas of Kettle/Stony Poin	 Ontario
 Chippewas Of Sarnia First Nati	 Ontario
 Christian Island	 Ontario
 Claremont	 Ontario
 Clarence Creek	 Ontario
 Clarence-Rockland	 Ontario
 Clarington	 Ontario
 Clarkson	 Ontario
 Clearwater Bay	 Ontario
 Clifford	 Ontario
 Clinton	 Ontario
 Cloud Bay	 Ontario
 Cobalt	 Ontario
 Cobden	 Ontario
 Coboconk	 Ontario
 Cobourg	 Ontario
 Cochenour	 Ontario
 Cochrane	 Ontario
 Coe Hill	 Ontario
 Colborne	 Ontario
 Colchester	 Ontario
 Cold Springs	 Ontario
 Coldwater	 Ontario
 Collingwood	 Ontario
 Comber	 Ontario
 Concord	 Ontario
 Coniston	 Ontario
 Connaught	 Ontario
 Constance Bay	 Ontario
 Constance Lake First Nation	 Ontario
 Cookstown	 Ontario
 Cooksville	 Ontario
 Cornwall	 Ontario
 Corunna	 Ontario
 Cottam	 Ontario
 Courtice	 Ontario
 Courtright	 Ontario
 Crediton	 Ontario
 Creemore	 Ontario
 Crysler	 Ontario
 Crystal Beach	 Ontario
 Cumberland	 Ontario
 Dashwood	 Ontario
 Deep River	 Ontario
 Deer Lake	 Ontario
 Deerbrook	 Ontario
 Delaware of the Thames	 Ontario
 Delhi	 Ontario
 Delta	 Ontario
 Denbigh	 Ontario
 Desbarats	 Ontario
 Deseronto	 Ontario
 Deux-Rivieres	 Ontario
 Devlin	 Ontario
 Dokis	 Ontario
 Dorchester	 Ontario
 Dorion	 Ontario
 Dorset	 Ontario
 Douglas	 Ontario
 Douglastown	 Ontario
 Drayton	 Ontario
 Dresden	 Ontario
 Drumbo	 Ontario
 Dryden	 Ontario
 Dublin	 Ontario
 Dubreuilville	 Ontario
 Dunchurch	 Ontario
 Dundalk	 Ontario
 Dundas	 Ontario
 Dungannon	 Ontario
 Dunnville	 Ontario
 Dunsford	 Ontario
 Durham	 Ontario
 Dutton	 Ontario
 Dwight	 Ontario
 Dyer`s Bay	 Ontario
 Eagle Lake First Nation	 Ontario
 Eagle River	 Ontario
 Ear Falls	 Ontario
 Earlton	 Ontario
 East Gwillimbury	 Ontario
 East York	 Ontario
 Eastwood	 Ontario
 Echo Bay	 Ontario
 Eganville	 Ontario
 Elgin	 Ontario
 Elizabethtown	 Ontario
 Elk Lake	 Ontario
 Elliot Lake	 Ontario
 Elmira	 Ontario
 Elmvale	 Ontario
 Elora	 Ontario
 Embro	 Ontario
 Embrun	 Ontario
 Emeryville	 Ontario
 Emo	 Ontario
 Emsdale	 Ontario
 Englehart	 Ontario
 Enterprise	 Ontario
 Erin	 Ontario
 Espanola	 Ontario
 Essex	 Ontario
 Estaire	 Ontario
 Etobicoke	 Ontario
 Eugenia	 Ontario
 Exeter	 Ontario
 Fauquier	 Ontario
 Fenelon Falls	 Ontario
 Fenwick	 Ontario
 Fergus	 Ontario
 Feversham	 Ontario
 Field	 Ontario
 Finch	 Ontario
 Fingal	 Ontario
 Fisherville	 Ontario
 Flamborough	 Ontario
 Flanders	 Ontario
 Flesherton	 Ontario
 Foley	 Ontario
 Foleyet	 Ontario
 Forest	 Ontario
 Fort Albany	 Ontario
 Fort Erie	 Ontario
 Fort Frances	 Ontario
 Fort Hope	 Ontario
 Fort Severn	 Ontario
 Fort William First Nation	 Ontario
 Foxboro	 Ontario
 Foymount	 Ontario
 Frankford	 Ontario
 Freelton	 Ontario
 French River First Nation	 Ontario
 Galt	 Ontario
 Gananoque	 Ontario
 Garden Hill	 Ontario
 Garden River First Nation	 Ontario
 Garson	 Ontario
 Georgetown	 Ontario
 Georgina	 Ontario
 Geraldton	 Ontario
 Gilmour	 Ontario
 Glen Robertson	 Ontario
 Glen Water	 Ontario
 Glen Williams	 Ontario
 Glencoe	 Ontario
 Gloucester	 Ontario
 Goderich	 Ontario
 Gogama	 Ontario
 Golden Lake	 Ontario
 Gooderham	 Ontario
 Gore Bay	 Ontario
 Gormley	 Ontario
 Gorrie	 Ontario
 Goulais River	 Ontario
 Gowganda	 Ontario
 Grafton	 Ontario
 Grand Bend	 Ontario
 Grand Valley	 Ontario
 Granton	 Ontario
 Grassy Narrows	 Ontario
 Gravenhurst	 Ontario
 Greensville	 Ontario
 Grimsby	 Ontario
 Guelph	 Ontario
 Gull Bay	 Ontario
 Hagersville	 Ontario
 Haileybury	 Ontario
 Haldimand	 Ontario
 Haliburton	 Ontario
 Halton Hills	 Ontario
 Hamilton	 Ontario
 Hampton	 Ontario
 Hanmer	 Ontario
 Hanover	 Ontario
 Harrietsville	 Ontario
 Harriston	 Ontario
 Harrow	 Ontario
 Harrowsmith	 Ontario
 Hastings	 Ontario
 Havelock	 Ontario
 Hawk Junction	 Ontario
 Hawkesbury	 Ontario
 Hearst	 Ontario
 Hemlo	 Ontario
 Hensall	 Ontario
 Henvey Inlet First Nation	 Ontario
 Hepworth	 Ontario
 Hespeler	 Ontario
 Hickson	 Ontario
 Highgate	 Ontario
 Hillsburgh	 Ontario
 Holland Landing	 Ontario
 Holstein	 Ontario
 Honey Harbour	 Ontario
 Hornepayne	 Ontario
 Hudson	 Ontario
 Humphrey	 Ontario
 Huntsville	 Ontario
 Ignace	 Ontario
 Ilderton	 Ontario
 Ingersoll	 Ontario
 Ingleside	 Ontario
 Innerkip	 Ontario
 Innisfil	 Ontario
 Inverary	 Ontario
 Inwood	 Ontario
 Iron Bridge	 Ontario
 Iroquois	 Ontario
 Iroquois Falls	 Ontario
 Jaffray Melick	 Ontario
 Jarvis	 Ontario
 Jasper	 Ontario
 Jellicoe	 Ontario
 Jockvale	 Ontario
 Johnstown	 Ontario
 Jordan	 Ontario
 Kaministiquia	 Ontario
 Kamiskotia	 Ontario
 Kanata	 Ontario
 Kapuskasing	 Ontario
 Kasabonika First Nation	 Ontario
 Kashechewan First Nation	 Ontario
 Kearney	 Ontario
 Keene	 Ontario
 Keewatin	 Ontario
 Kemptville	 Ontario
 Kenora	 Ontario
 Kent Centre	 Ontario
 Kerwood	 Ontario
 Keswick	 Ontario
 Killaloe	 Ontario
 Killarney	 Ontario
 Kincardine	 Ontario
 King City	 Ontario
 Kingfisher Lake	 Ontario
 Kingston	 Ontario
 Kingsville	 Ontario
 Kinmount	 Ontario
 Kintore	 Ontario
 Kirkfield	 Ontario
 Kirkland Lake	 Ontario
 Kirkton	 Ontario
 Kitchener	 Ontario
 Kleinburg	 Ontario
 L`Orignal	 Ontario
 Lac la Croix	 Ontario
 Lac Seul First Nation	 Ontario
 Lafontaine	 Ontario
 Lagoon City	 Ontario
 Lakefield	 Ontario
 Lambeth	 Ontario
 Lanark	 Ontario
 Lancaster	 Ontario
 Langton	 Ontario
 Lansdowne	 Ontario
 Lansdowne House	 Ontario
 Larder Lake	 Ontario
 LaSalle	 Ontario
 Latchford	 Ontario
 Leamington	 Ontario
 Lefroy	 Ontario
 Levack	 Ontario
 Lincoln	 Ontario
 Lindsay	 Ontario
 Linwood	 Ontario
 Lion`s Head	 Ontario
 Listowel	 Ontario
 Little Britain	 Ontario
 Little Current	 Ontario
 Lively	 Ontario
 Lombardy	 Ontario
 London	 Ontario
 Long Lac	 Ontario
 Long Lake First Nation	 Ontario
 Long Point	 Ontario
 Long Sault	 Ontario
 Longlac	 Ontario
 Lorne	 Ontario
 Lucan	 Ontario
 Lucknow	 Ontario
 Lyn	 Ontario
 Lynden	 Ontario
 M`Chigeeng	 Ontario
 Maberly	 Ontario
 Macdiarmid	 Ontario
 MacTier	 Ontario
 Madoc	 Ontario
 Madsen	 Ontario
 Magnetawan	 Ontario
 Maidstone	 Ontario
 Maitland	 Ontario
 Mallorytown	 Ontario
 Malton	 Ontario
 Manitouwadge	 Ontario
 Manitowaning	 Ontario
 Manotick	 Ontario
 Maple	 Ontario
 Marathon	 Ontario
 Markdale	 Ontario
 Markham	 Ontario
 Markstay	 Ontario
 Marmora	 Ontario
 Marten Falls First Nation	 Ontario
 Marten River	 Ontario
 Martintown	 Ontario
 Massey	 Ontario
 Matachewan	 Ontario
 Matheson	 Ontario
 Mattawa	 Ontario
 Mattice	 Ontario
 Maxville	 Ontario
 Maynooth	 Ontario
 McDonalds Corners	 Ontario
 McGregor	 Ontario
 McKellar	 Ontario
 Meaford	 Ontario
 Melbourne	 Ontario
 Merlin	 Ontario
 Merrickville	 Ontario
 Metcalfe	 Ontario
 Midland	 Ontario
 Mildmay	 Ontario
 Milford Bay	 Ontario
 Millbrook	 Ontario
 Millhaven	 Ontario
 Milton	 Ontario
 Milverton	 Ontario
 Minaki	 Ontario
 Mindemoya	 Ontario
 Minden	 Ontario
 Mine Centre	 Ontario
 Missanabie	 Ontario
 Mississauga	 Ontario
 Mitchell	 Ontario
 Mohawks Of The Bay of Quinte F	 Ontario
 Monkton	 Ontario
 Moonbeam	 Ontario
 Moonstone	 Ontario
 Mooretown	 Ontario
 Moose Creek	 Ontario
 Moose Factory	 Ontario
 Moosonee	 Ontario
 Morrisburg	 Ontario
 Morson	 Ontario
 Mount Albert	 Ontario
 Mount Brydges	 Ontario
 Mount Forest	 Ontario
 Mount Hope	 Ontario
 Mount Pleasant	 Ontario
 Muskoka	 Ontario
 Muskoka Falls	 Ontario
 Muskrat Dam	 Ontario
 Nairn	 Ontario
 Naiscoutaing First Nation	 Ontario
 Nakina	 Ontario
 Nanticoke	 Ontario
 Napanee	 Ontario
 Navan	 Ontario
 Nepean	 Ontario
 Nephton	 Ontario
 Nestor Falls	 Ontario
 Neustadt	 Ontario
 New Dundee	 Ontario
 New Hamburg	 Ontario
 New Liskeard	 Ontario
 New Tecumseth	 Ontario
 Newburgh	 Ontario
 Newcastle	 Ontario
 Newmarket	 Ontario
 Newtonville	 Ontario
 Niagara Falls	 Ontario
 Niagara-on-the-Lake	 Ontario
 Nickel Centre	 Ontario
 Nipigon	 Ontario
 Nipissing First Nation	 Ontario
 Nobel	 Ontario
 Nobleton	 Ontario
 Noelville	 Ontario
 North Augusta	 Ontario
 North Bay	 Ontario
 North Gower	 Ontario
 North Spirit Lake	 Ontario
 North York	 Ontario
 Northbrook	 Ontario
 Norval	 Ontario
 Norwich	 Ontario
 Norwood	 Ontario
 Oak Ridges	 Ontario
 Oakville	 Ontario
 Oakwood	 Ontario
 Oba	 Ontario
 Odessa	 Ontario
 Ogoki	 Ontario
 Ohsweken	 Ontario
 Oil Springs	 Ontario
 Ojibways of Hiawatha First Nat	 Ontario
 Ojibways of Walpole Island Fir	 Ontario
 Omemee	 Ontario
 Onaping Falls	 Ontario
 Oneida First Nation	 Ontario
 Opasatika	 Ontario
 Ophir	 Ontario
 Orangeville	 Ontario
 Orillia	 Ontario
 Orleans	 Ontario
 Oro	 Ontario
 Orono	 Ontario
 Orrville	 Ontario
 Osgoode	 Ontario
 Oshawa	 Ontario
 Ottawa	 Ontario
 Otterville	 Ontario
 Owen Sound	 Ontario
 Oxdrift	 Ontario
 Oxford Mills	 Ontario
 Paisley	 Ontario
 Pakenham	 Ontario
 Palgrave	 Ontario
 Palmer Rapids	 Ontario
 Palmerston	 Ontario
 Paquette Corner	 Ontario
 Parham	 Ontario
 Paris	 Ontario
 Parkhill	 Ontario
 Parry Sound	 Ontario
 Pass Lake	 Ontario
 Peawanuck	 Ontario
 Pefferlaw	 Ontario
 Pelee Island	 Ontario
 Pelham	 Ontario
 Pembroke	 Ontario
 Penetanguishene	 Ontario
 Perrault Falls	 Ontario
 Perth	 Ontario
 Petawawa	 Ontario
 Peterborough	 Ontario
 Petrolia	 Ontario
 Pickering	 Ontario
 Pickle Lake	 Ontario
 Picton	 Ontario
 Pikangikum First Nation	 Ontario
 Pineal Lake	 Ontario
 Plantagenet	 Ontario
 Plattsville	 Ontario
 Pleasant Park	 Ontario
 Plevna	 Ontario
 Point Grondine First Nation	 Ontario
 Point Pelee	 Ontario
 Pointe au Baril	 Ontario
 Port Burwell	 Ontario
 Port Carling	 Ontario
 Port Colborne	 Ontario
 Port Credit	 Ontario
 Port Cunnington	 Ontario
 Port Dover	 Ontario
 Port Elgin	 Ontario
 Port Franks	 Ontario
 Port Hope	 Ontario
 Port Lambton	 Ontario
 Port Loring	 Ontario
 Port McNicoll	 Ontario
 Port Perry	 Ontario
 Port Robinson	 Ontario
 Port Rowan	 Ontario
 Port Stanley	 Ontario
 Port Sydney	 Ontario
 Portland	 Ontario
 Powassan	 Ontario
 Prescott	 Ontario
 Preston	 Ontario
 Princeton	 Ontario
 Puce	 Ontario
 Queenston	 Ontario
 Queensville	 Ontario
 Rainy Lake First Nation	 Ontario
 Rainy River	 Ontario
 Raith	 Ontario
 Ramore	 Ontario
 Rayside-Balfour	 Ontario
 Red Lake	 Ontario
 Red Rock	 Ontario
 Redbridge	 Ontario
 Redditt	 Ontario
 Renfrew	 Ontario
 Restoule	 Ontario
 Richmond	 Ontario
 Richmond Hill	 Ontario
 Ridgetown	 Ontario
 Ridgeway	 Ontario
 Ripley	 Ontario
 Rockland	 Ontario
 Rockwood	 Ontario
 Rodney	 Ontario
 Rolphton	 Ontario
 Rondeau	 Ontario
 Roseneath	 Ontario
 Rosseau	 Ontario
 Russell	 Ontario
 Ruthven	 Ontario
 Sachigo First Nation Reserve 1	 Ontario
 Saint Clair Beach	 Ontario
 Salem	 Ontario
 Sandwich	 Ontario
 Sandy Cove Acres	 Ontario
 Sandy Lake	 Ontario
 Sapawe	 Ontario
 Sarnia	 Ontario
 Sauble Beach	 Ontario
 Saugeen First Nation	 Ontario
 Sault Ste. Marie	 Ontario
 Savant Lake	 Ontario
 Scarborough	 Ontario
 Schomberg	 Ontario
 Schreiber	 Ontario
 Scotland	 Ontario
 Seaforth	 Ontario
 Searchmont	 Ontario
 Sebright	 Ontario
 Sebringville	 Ontario
 Seeleys Bay	 Ontario
 Selby	 Ontario
 Selkirk	 Ontario
 Serpent River First Nation	 Ontario
 Severn Bridge	 Ontario
 Shakespeare	 Ontario
 Shannonville	 Ontario
 Sharbot Lake	 Ontario
 Shawanaga First Nation	 Ontario
 Shebandowan	 Ontario
 Shedden	 Ontario
 Shelburne	 Ontario
 Silver Water	 Ontario
 Simcoe	 Ontario
 Sioux Lookout	 Ontario
 Sioux Narrows	 Ontario
 Six Nations of the Grand River	 Ontario
 Smiths Falls	 Ontario
 Smithville	 Ontario
 Smooth Rock Falls	 Ontario
 Snelgrove	 Ontario
 Sombra	 Ontario
 South Mountain	 Ontario
 South River	 Ontario
 Southampton	 Ontario
 Spanish	 Ontario
 Sparta	 Ontario
 Spencerville	 Ontario
 Sprucedale	 Ontario
 St. Catharines	 Ontario
 St. Charles	 Ontario
 St. Clements	 Ontario
 St. Davids	 Ontario
 St. George	 Ontario
 St. Isidore de Prescott	 Ontario
 St. Jacobs	 Ontario
 St. Marys	 Ontario
 St. Regis	 Ontario
 St. Thomas	 Ontario
 Stayner	 Ontario
 St-Eugene	 Ontario
 Stevensville	 Ontario
 Stewarttown	 Ontario
 Stirling	 Ontario
 Stoke`s Bay	 Ontario
 Stoney Creek	 Ontario
 Stoney Point	 Ontario
 Stouffville	 Ontario
 Straffordville	 Ontario
 Stratford	 Ontario
 Strathroy	 Ontario
 Stratton	 Ontario
 Streetsville	 Ontario
 Stroud	 Ontario
 Sturgeon Falls	 Ontario
 Sudbury	 Ontario
 Sultan	 Ontario
 Summer Beaver	 Ontario
 Sunderland	 Ontario
 Sundridge	 Ontario
 Sutton	 Ontario
 Swastika	 Ontario
 Sydenham	 Ontario
 Tamworth	 Ontario
 Tara	 Ontario
 Tavistock	 Ontario
 Taylor Corners	 Ontario
 Tecumseh	 Ontario
 Teeswater	 Ontario
 Temagami	 Ontario
 Terrace Bay	 Ontario
 Thamesford	 Ontario
 Thamesville	 Ontario
 The Eabametoong (Fort Hope) Fi	 Ontario
 Thedford	 Ontario
 Thessalon	 Ontario
 Thornbury	 Ontario
 Thorndale	 Ontario
 Thorne	 Ontario
 Thornhill	 Ontario
 Thorold	 Ontario
 Thunder Bay	 Ontario
 Thurlow	 Ontario
 Tilbury	 Ontario
 Tillsonburg	 Ontario
 Timmins	 Ontario
 Tiverton	 Ontario
 Tobermory	 Ontario
 Toledo	 Ontario
 Toronto	 Ontario
 Toronto Island	 Ontario
 Tottenham	 Ontario
 Trenton	 Ontario
 Trout Creek	 Ontario
 Trowbridge	 Ontario
 Tweed	 Ontario
 Udora	 Ontario
 Uniondale	 Ontario
 Unionville	 Ontario
 Upsala	 Ontario
 Utterson	 Ontario
 Uxbridge	 Ontario
 Valley East	 Ontario
 Vanier	 Ontario
 Vankleek Hill	 Ontario
 Vaughan	 Ontario
 Vermilion Bay	 Ontario
 Verner	 Ontario
 Verona	 Ontario
 Victoria	 Ontario
 Vineland	 Ontario
 Virginiatown	 Ontario
 Wabigoon	 Ontario
 Wainfleet	 Ontario
 Walden	 Ontario
 Walkerton	 Ontario
 Wallaceburg	 Ontario
 Wapekeka First Nation	 Ontario
 Wardsville	 Ontario
 Warkworth	 Ontario
 Warren	 Ontario
 Wasaga Beach	 Ontario
 Waterdown	 Ontario
 Waterford	 Ontario
 Waterloo	 Ontario
 Watford	 Ontario
 Waubaushene	 Ontario
 Wawa	 Ontario
 Webbwood	 Ontario
 Webequie	 Ontario
 Welcome	 Ontario
 Welland	 Ontario
 Wellandport	 Ontario
 Wellesley	 Ontario
 Wellington	 Ontario
 West Guilford	 Ontario
 West Lincoln	 Ontario
 West Lorne	 Ontario
 Westmeath	 Ontario
 Westport	 Ontario
 Westree	 Ontario
 Wheatley	 Ontario
 Whitby	 Ontario
 Whitchurch-Stouffville	 Ontario
 White River	 Ontario
 Whitefish	 Ontario
 Whitefish Falls	 Ontario
 Whitney	 Ontario
 Wiarton	 Ontario
 Wikwemikong	 Ontario
 Wilberforce	 Ontario
 Williamsburg	 Ontario
 Winchester	 Ontario
 Windermere	 Ontario
 Windsor	 Ontario
 Wingham	 Ontario
 Winona	 Ontario
 Woodbridge	 Ontario
 Woodstock	 Ontario
 Woodville	 Ontario
 Wooler	 Ontario
 Wunnummin Lake	 Ontario
 Wyoming	 Ontario
 Yarker	 Ontario
 York	 Ontario
 Zurich	 Ontario
 Alberton	 PEI
 Bedeque	 PEI
 Borden	 PEI
 Cardigan	 PEI
 Charlottetown	 PEI
 Cornwall	 PEI
 Covehead	 PEI
 Crapaud	 PEI
 East Point	 PEI
 Eldon	 PEI
 Georgetown	 PEI
 Hunter River	 PEI
 Kensington	 PEI
 Montague	 PEI
 Morell	 PEI
 Mount Stewart	 PEI
 Murray River	 PEI
 New Haven	 PEI
 New London	 PEI
 O`Leary	 PEI
 Rusticoville	 PEI
 Souris	 PEI
 South Lake	 PEI
 St. Peters	 PEI
 Stratford	 PEI
 Summerside	 PEI
 Tignish	 PEI
 Tyne Valley	 PEI
 Vernon River	 PEI
 Wellington	 PEI
 Abercorn	 Quebec
 Acton Vale	 Quebec
 Adamsville	 Quebec
 Aguanish	 Quebec
 Albanel	 Quebec
 Alma	 Quebec
 Alouette	 Quebec
 Amos	 Quebec
 Amqui	 Quebec
 Angliers	 Quebec
 Anjou	 Quebec
 Anse-Saint-Jean	 Quebec
 Armagh	 Quebec
 Arundel	 Quebec
 Asbestos	 Quebec
 Ascot	 Quebec
 Ashuapmushuan	 Quebec
 Aston-Jonction	 Quebec
 Ayer`s Cliff	 Quebec
 Aylmer	 Quebec
 Bagotville	 Quebec
 Baie-Comeau	 Quebec
 Baie-d`Urfe	 Quebec
 Baie-de-Shawinigan	 Quebec
 Baie-des-Sables	 Quebec
 Baie-du-Febvre	 Quebec
 Baie-Johan-Beetz	 Quebec
 Baie-Sainte-Catherine	 Quebec
 Baie-St-Paul	 Quebec
 Baie-Trinite	 Quebec
 Barachois	 Quebec
 Barkmere	 Quebec
 Barraute	 Quebec
 Batiscan	 Quebec
 Beaconsfield	 Quebec
 Beaucanton	 Quebec
 Beauceville	 Quebec
 Beauharnois	 Quebec
 Beaulac-Garthby	 Quebec
 Beaumont	 Quebec
 Beauport	 Quebec
 Beaupre	 Quebec
 Becancour	 Quebec
 Bedford	 Quebec
 Belle Neige	 Quebec
 Bellefeuille	 Quebec
 Belleterre	 Quebec
 Beloeil	 Quebec
 Bergeronnes	 Quebec
 Berthierville	 Quebec
 Betsiamites	 Quebec
 Biencourt	 Quebec
 Bishopton	 Quebec
 Black Lake	 Quebec
 Blainville	 Quebec
 Blanc-Sablon	 Quebec
 Boisbriand	 Quebec
 Boischatel	 Quebec
 Bois-des-Filion	 Quebec
 Bonaventure	 Quebec
 Bonne-Esperance	 Quebec
 Boucherville	 Quebec
 Bouchette	 Quebec
 Breakeyville	 Quebec
 Brigham	 Quebec
 Brome	 Quebec
 Bromont	 Quebec
 Bromptonville	 Quebec
 Brossard	 Quebec
 Brownsburg	 Quebec
 Bryson	 Quebec
 Buckingham	 Quebec
 Bury	 Quebec
 Cabano	 Quebec
 Cacouna	 Quebec
 Cadillac	 Quebec
 Calumet	 Quebec
 Campbell`s Bay	 Quebec
 Candiac	 Quebec
 Cantley	 Quebec
 Cap-a-l`Aigle	 Quebec
 Cap-aux-Meules	 Quebec
 Cap-Chat	 Quebec
 Cap-de-la-Madeleine	 Quebec
 Cap-des-Rosiers	 Quebec
 Caplan	 Quebec
 Cap-Rouge	 Quebec
 Cap-Saint-Ignace	 Quebec
 Carignan	 Quebec
 Carillon	 Quebec
 Carleton	 Quebec
 Causapscal	 Quebec
 Chambly	 Quebec
 Chambord	 Quebec
 Champlain	 Quebec
 Chandler	 Quebec
 Chapais	 Quebec
 Chapeau	 Quebec
 Charette	 Quebec
 Charlemagne	 Quebec
 Charlesbourg	 Quebec
 Charlevoix	 Quebec
 Charny	 Quebec
 Chartierville	 Quebec
 Chateauguay	 Quebec
 Chateau-Richer	 Quebec
 Chelsea	 Quebec
 Cheneville	 Quebec
 Chesterville	 Quebec
 Chevery	 Quebec
 Chibougamau	 Quebec
 Chicoutimi	 Quebec
 Chisasibi	 Quebec
 Chomedey	 Quebec
 Chute-aux-Outardes	 Quebec
 Chute-des-Passes	 Quebec
 Clericy	 Quebec
 Clermont	 Quebec
 Cloridorme	 Quebec
 Clova	 Quebec
 Coaticook	 Quebec
 Colombier	 Quebec
 Compton	 Quebec
 Contrecoeur	 Quebec
 Cookshire	 Quebec
 Coteau-du-Lac	 Quebec
 Cote-St-Luc	 Quebec
 Courcelette	 Quebec
 Courcelles	 Quebec
 Cowansville	 Quebec
 Crabtree	 Quebec
 Danville	 Quebec
 Daveluyville	 Quebec
 Deauville	 Quebec
 Degelis	 Quebec
 Delisle	 Quebec
 Delson	 Quebec
 Desbiens	 Quebec
 Deschaillons-sur-Saint-Laurent	 Quebec
 Deux-Montagnes	 Quebec
 Disraeli	 Quebec
 Dolbeau-Mistassini	 Quebec
 Dollard-des-Ormeaux	 Quebec
 Donnacona	 Quebec
 Dorval	 Quebec
 Drummondville	 Quebec
 Dubuisson	 Quebec
 Dunham	 Quebec
 Duparquet	 Quebec
 Dupuy	 Quebec
 Duvernay	 Quebec
 East Angus	 Quebec
 East Broughton	 Quebec
 East Farnham	 Quebec
 East Hereford	 Quebec
 Eastmain	 Quebec
 Eastman	 Quebec
 Entrelacs	 Quebec
 Esterel	 Quebec
 Evain	 Quebec
 Fabre	 Quebec
 Fabreville	 Quebec
 Falardeau	 Quebec
 Farnham	 Quebec
 Fassett	 Quebec
 Ferland	 Quebec
 Ferme-Neuve	 Quebec
 Fermont	 Quebec
 Fleurimont	 Quebec
 Forestville	 Quebec
 Fort-Coulonge	 Quebec
 Fortierville	 Quebec
 Fossambault-sur-le-Lac	 Quebec
 Frampton	 Quebec
 Franklin Centre	 Quebec
 Frelighsburg	 Quebec
 Fugereville	 Quebec
 Gaspe	 Quebec
 Gatineau	 Quebec
 Gentilly	 Quebec
 Girardville	 Quebec
 Godbout	 Quebec
 Gracefield	 Quebec
 Granby	 Quebec
 Grande-Entree	 Quebec
 Grande-Riviere	 Quebec
 Grandes-Bergeronnes	 Quebec
 Grandes-Piles	 Quebec
 Grande-Vallee	 Quebec
 Grand-Mere	 Quebec
 Grand-Remous	 Quebec
 Greenfield Park	 Quebec
 Grenville	 Quebec
 Guigues	 Quebec
 Hammond	 Quebec
 Ham-Nord	 Quebec
 Hampstead	 Quebec
 Harrington Harbour	 Quebec
 Havre-Aubert	 Quebec
 Havre-aux-Maisons	 Quebec
 Havre-St-Pierre	 Quebec
 Hebertville	 Quebec
 Hebertville-Station	 Quebec
 Hemmingford	 Quebec
 Henryville	 Quebec
 Howick	 Quebec
 Hudson	 Quebec
 Hull	 Quebec
 Huntingdon	 Quebec
 Iberville	 Quebec
 Ile-aux-Coudres	 Quebec
 Iles-de-la-Madeleine	 Quebec
 Inukjuak	 Quebec
 Inverness	 Quebec
 Joliette	 Quebec
 Jonquiere	 Quebec
 Joutel	 Quebec
 Kangiqsualujjuaq	 Quebec
 Kangirsuk	 Quebec
 Kateville	 Quebec
 Kazabazua	 Quebec
 Kingsbury	 Quebec
 Kingsey Falls	 Quebec
 Kirkland	 Quebec
 Knowlton	 Quebec
 Kuujjuaq	 Quebec
 L`Acadie	 Quebec
 L`Ancienne-Lorette	 Quebec
 L`Ange-Gardien	 Quebec
 L`Annonciation	 Quebec
 L`Assomption	 Quebec
 L`Avenir	 Quebec
 L`Epiphanie	 Quebec
 L`Ile-Aux-Noix	 Quebec
 L`Ile-Bizard	 Quebec
 L`Ile-Cadieux	 Quebec
 L`Ile-d`Entree	 Quebec
 L`Ile-Dorval	 Quebec
 L`Ile-Perrot	 Quebec
 L`Île-Verte	 Quebec
 L`Islet	 Quebec
 La Baie	 Quebec
 La Corne	 Quebec
 La Dore	 Quebec
 La Grande	 Quebec
 La Guadeloupe	 Quebec
 La Malbaie	 Quebec
 La Martre	 Quebec
 La Minerve	 Quebec
 La Patrie	 Quebec
 La Plaine	 Quebec
 La Pocatiere	 Quebec
 La Prairie	 Quebec
 La Reine	 Quebec
 La Romaine	 Quebec
 La Sarre	 Quebec
 La Tuque	 Quebec
 Labelle	 Quebec
 Lac Kenogami	 Quebec
 Lac-au-Saumon	 Quebec
 Lac-aux-Sables	 Quebec
 Lac-Bouchette	 Quebec
 Lac-Brome	 Quebec
 Lac-Delage	 Quebec
 Lac-des-Ecorces	 Quebec
 Lac-Drolet	 Quebec
 Lac-du-Cerf	 Quebec
 Lac-Edouard	 Quebec
 Lac-Etchemin	 Quebec
 Lac-Frontiere	 Quebec
 Lachenaie	 Quebec
 Lachine	 Quebec
 Lachute	 Quebec
 Lacolle	 Quebec
 Lac-Poulin	 Quebec
 Lac-Saguay	 Quebec
 Lac-Sergent	 Quebec
 Lac-St-Joseph	 Quebec
 Lafontaine	 Quebec
 Lake Megantic	 Quebec
 Lambton	 Quebec
 Lanoraie	 Quebec
 LaSalle	 Quebec
 Laterriere	 Quebec
 Latulipe	 Quebec
 Laurentides	 Quebec
 Laurier-Station	 Quebec
 Laurierville	 Quebec
 Laval	 Quebec
 Laval des Rapides	 Quebec
 Laval Ouest	 Quebec
 Lavaltrie	 Quebec
 Laverlochere	 Quebec
 Lawrenceville	 Quebec
 Le Bic	 Quebec
 Le Gardeur	 Quebec
 Lebel-sur-Quevillon	 Quebec
 Leclercville	 Quebec
 LeMoyne	 Quebec
 Lennoxville	 Quebec
 Lery	 Quebec
 Les Boules	 Quebec
 Les Cedres	 Quebec
 Les Coteaux	 Quebec
 Les Eboulements	 Quebec
 Les Escoumins	 Quebec
 Les Mechins	 Quebec
 Levis	 Quebec
 Longueuil	 Quebec
 Loretteville	 Quebec
 Lorraine	 Quebec
 Lorrainville	 Quebec
 Louiseville	 Quebec
 Lourdes de Blanc Sablon	 Quebec
 Louvicourt	 Quebec
 Low	 Quebec
 Luceville	 Quebec
 Luskville	 Quebec
 Lyster	 Quebec
 Macamic	 Quebec
 Magog	 Quebec
 Malartic	 Quebec
 Manic-Cinq	 Quebec
 Maniwaki	 Quebec
 Manouane	 Quebec
 Manseau	 Quebec
 Mansonville	 Quebec
 Maple Grove	 Quebec
 Maria	 Quebec
 Marieville	 Quebec
 Marsoui	 Quebec
 Mascouche	 Quebec
 Maskinonge	 Quebec
 Masson-Angers	 Quebec
 Massueville	 Quebec
 Mastigouche	 Quebec
 Matagami	 Quebec
 Matane	 Quebec
 Matapedia	 Quebec
 Mcmasterville	 Quebec
 Melbourne	 Quebec
 Mellin	 Quebec
 Melocheville	 Quebec
 Mercier	 Quebec
 Metabetchouan	 Quebec
 Metis-sur-Mer	 Quebec
 Mirabel	 Quebec
 Mistassini	 Quebec
 Moisie	 Quebec
 Mont Bechervaise	 Quebec
 Mont St Grégoire	 Quebec
 Montebello	 Quebec
 Mont-Joli	 Quebec
 Mont-Laurier	 Quebec
 Mont-Louis	 Quebec
 Montmagny	 Quebec
 Montreal	 Quebec
 Montreal - Est	 Quebec
 Montréal - Nord	 Quebec
 Montréal - Ouest	 Quebec
 Mont-Rolland	 Quebec
 Mont-Royal	 Quebec
 Mont-St-Hilaire	 Quebec
 Mont-St-Pierre	 Quebec
 Mont-Tremblant	 Quebec
 Morin-Heights	 Quebec
 Murdochville	 Quebec
 Mutton Bay	 Quebec
 Nantes	 Quebec
 Napierville	 Quebec
 Natashquan	 Quebec
 Nedelec	 Quebec
 Neuville	 Quebec
 New Carlisle	 Quebec
 New Glasgow	 Quebec
 New Richmond	 Quebec
 Newport	 Quebec
 Nicolet	 Quebec
 Norbertville	 Quebec
 Normandin	 Quebec
 Normetal	 Quebec
 North Hatley	 Quebec
 Notre Dame de Bonsecours	 Quebec
 Notre Dame De L`Ile Perrot	 Quebec
 Notre Dame de Lourdes	 Quebec
 Notre Dame des Laurentides	 Quebec
 Notre Dame Des Prairies	 Quebec
 Notre Dame Du Portage	 Quebec
 Notre-Dame-de-la-Paix	 Quebec
 Notre-Dame-de-la-Salette	 Quebec
 Notre-Dame-de-Stanbridge	 Quebec
 Notre-Dame-du-Bon-Conseil	 Quebec
 Notre-Dame-du-Lac	 Quebec
 Notre-Dame-du-Laus	 Quebec
 Notre-Dame-du-Nord	 Quebec
 Nouvelle	 Quebec
 Oka	 Quebec
 Omerville	 Quebec
 Orford	 Quebec
 Ormstown	 Quebec
 Otterburn Park	 Quebec
 Outremont	 Quebec
 Palmarolle	 Quebec
 Papineauville	 Quebec
 Parent	 Quebec
 Perce	 Quebec
 Peribonka	 Quebec
 Perkins	 Quebec
 Petite-Riviere-St-Francois	 Quebec
 Philipsburg	 Quebec
 Pierrefonds	 Quebec
 Pierreville	 Quebec
 Pincourt	 Quebec
 Pintendre	 Quebec
 Plaisance	 Quebec
 Plessisville	 Quebec
 Pohenegamook	 Quebec
 Pointe Aux Trembles	 Quebec
 Pointe-a-la-Croix	 Quebec
 Pointe-au-Pere	 Quebec
 Pointe-aux-Outardes	 Quebec
 Pointe-Calumet	 Quebec
 Pointe-Claire	 Quebec
 Pointe-des-Cascades	 Quebec
 Pointe-des-Monts	 Quebec
 Pointe-Fortune	 Quebec
 Pointe-Lebel	 Quebec
 Pontiac	 Quebec
 Pont-Rouge	 Quebec
 Pont-Viau	 Quebec
 Portage-du-Fort	 Quebec
 Port-Cartier	 Quebec
 Port-Daniel	 Quebec
 Port-Menier	 Quebec
 Portneuf	 Quebec
 Poste-de-la-Baleine	 Quebec
 Prevost	 Quebec
 Price	 Quebec
 Princeville	 Quebec
 Puvirnituq	 Quebec
 Quebec	 Quebec
 Quyon	 Quebec
 Radisson	 Quebec
 Rawdon	 Quebec
 Remigny	 Quebec
 Repentigny	 Quebec
 Réserve faunique de Rimouski	 Quebec
 Réserve faunique la Vérendrye	 Quebec
 Réserves fauniques de Matane e	 Quebec
 Richelieu	 Quebec
 Richmond	 Quebec
 Rigaud	 Quebec
 Rimouski	 Quebec
 Rimouski-Est	 Quebec
 Ripon	 Quebec
 Riviere-a-Pierre	 Quebec
 Riviere-au-Renard	 Quebec
 Riviere-au-Tonnerre	 Quebec
 Riviere-Beaudette	 Quebec
 Riviere-Bleue	 Quebec
 Riviere-du-Loup	 Quebec
 Riviere-Heva	 Quebec
 Riviere-St-Jean	 Quebec
 Robertsonville	 Quebec
 Roberval	 Quebec
 Rochebaucourt	 Quebec
 Rock Forest	 Quebec
 Rollet	 Quebec
 Rosemere	 Quebec
 Rougemont	 Quebec
 Rouyn-Noranda	 Quebec
 Roxboro	 Quebec
 Roxton Falls	 Quebec
 Roxton Pond	 Quebec
 Sabrevois	 Quebec
 Sacre Coeur	 Quebec
 Saint Alexandre D`Iberville	 Quebec
 Saint Alphonse de Granby	 Quebec
 Saint Amable	 Quebec
 Saint Antoine Des Laurentides	 Quebec
 Saint Antoine Sur Richelieu	 Quebec
 Saint Antonin	 Quebec
 Saint Athanase	 Quebec
 Saint Calixte	 Quebec
 Saint Charles Borromee	 Quebec
 Saint Charles Sur Richelieu	 Quebec
 Saint Christophe D`Arthabaska	 Quebec
 Saint Colomban	 Quebec
 Saint Denis De Brompton	 Quebec
 Saint Denis Sur Richelieu	 Quebec
 Saint Esprit	 Quebec
 Saint Etienne de Beauharnois	 Quebec
 Saint Etienne de Lauzon	 Quebec
 Saint Gerard Majella	 Quebec
 Saint Isidore de la Prairie	 Quebec
 Saint Jean Baptiste	 Quebec
 Saint Jean D`Orleans	 Quebec
 Saint Joachim	 Quebec
 Saint Joseph De La Pointe De L	 Quebec
 Saint Laurent D`Orleans	 Quebec
 Saint Lazare De Vaudreuil	 Quebec
 Saint Lin Laurentides	 Quebec
 Saint Marc Sur Richelieu	 Quebec
 Saint Mathias Sur Richelieu	 Quebec
 Saint Mathieu de Beloeil	 Quebec
 Saint Mathieu de la Prairie	 Quebec
 Saint Maurice	 Quebec
 Saint Norbert D`Arthabaska	 Quebec
 Saint Paul D`Industrie	 Quebec
 Saint Philippe	 Quebec
 Saint Pierre D`Orleans	 Quebec
 Saint Robert	 Quebec
 Saint Roch De L`Achigan	 Quebec
 Saint Roch De Richelieu	 Quebec
 Saint Sulpice	 Quebec
 Saint Thomas	 Quebec
 Saint Urbain Premier	 Quebec
 Saint Valere	 Quebec
 Saint Victoire de Sorel	 Quebec
 Saint-Alexis-de-Montcalm	 Quebec
 Saint-Côme	 Quebec
 Saint-Donat	 Quebec
 Sainte Angele De Monnoir	 Quebec
 Sainte Ann De Sorel	 Quebec
 Sainte Brigide D`Iberville	 Quebec
 Sainte Cecile De Milton	 Quebec
 Sainte Dorotheé	 Quebec
 Sainte Famille	 Quebec
 Sainte Marie Salome	 Quebec
 Sainte Marthe Du Cap	 Quebec
 Sainte Sophie	 Quebec
 Sainte Therese De Blainville	 Quebec
 Saint-Élie	 Quebec
 Saint-Élie-d`Orford	 Quebec
 Saint-Ferdinand	 Quebec
 Saint-Ferréol-les-neiges	 Quebec
 Saint-Hubert	 Quebec
 Saint-Hyacinthe	 Quebec
 Saint-Michel-des-Saints	 Quebec
 Salaberry-de-Valleyfield	 Quebec
 Salluit	 Quebec
 Sanmaur	 Quebec
 Sault-au-Mouton	 Quebec
 Sawyerville	 Quebec
 Sayabec	 Quebec
 Schefferville	 Quebec
 Scotstown	 Quebec
 Senneterre	 Quebec
 Senneville	 Quebec
 Sept-Iles	 Quebec
 Shawbridge	 Quebec
 Shawinigan	 Quebec
 Shawinigan-Sud	 Quebec
 Shawville	 Quebec
 Shefford	 Quebec
 Sherbrooke	 Quebec
 Shigawake	 Quebec
 Shipshaw	 Quebec
 Sillery	 Quebec
 Sorel-Tracy	 Quebec
 Squatec	 Quebec
 St. Ambroise de Chicoutimi	 Quebec
 St. Basile de Portneuf	 Quebec
 St. Bernard de Dorchester	 Quebec
 St. Come de Kennebec	 Quebec
 St. Edouard de Frampton	 Quebec
 St. Fabien de Rimouski	 Quebec
 St. Ferdinand d`Halifax	 Quebec
 St. Fidele	 Quebec
 St. Gabriel de Rimouski	 Quebec
 St. Gedeon de Beauce	 Quebec
 St. Gregoire de Nicolet	 Quebec
 St. Henri de Levis	 Quebec
 St. Honore	 Quebec
 St. Leon De Chic.	 Quebec
 St. Martin de Beauce	 Quebec
 St. Moise	 Quebec
 St. Raphael de Bellechasse	 Quebec
 St. Sebastien	 Quebec
 St. Stanislas de Champlain	 Quebec
 St. Theodore de Chertsey	 Quebec
 St. Victor de Beauce	 Quebec
 St. Vincent de Paul	 Quebec
 St-Adelphe	 Quebec
 St-Adolphe-d`Howard	 Quebec
 St-Adolphe-de-Dudswell	 Quebec
 St-Agapit	 Quebec
 St-Aime	 Quebec
 St-Albert	 Quebec
 St-Alexandre-de-Kamouraska	 Quebec
 St-Alexis-de-Matapedia	 Quebec
 St-Alexis-des-Monts	 Quebec
 St-Alphonse-Rodriguez	 Quebec
 St-Andre	 Quebec
 St-Andre-Avellin	 Quebec
 St-Andre-du-Lac-St-Jean	 Quebec
 St-Andre-Est	 Quebec
 St-Anselme	 Quebec
 Stanstead	 Quebec
 St-Antoine	 Quebec
 St-Antoine-de-Tilly	 Quebec
 St-Apollinaire	 Quebec
 St-Augustin-de-Desmaures	 Quebec
 St-Barnabe	 Quebec
 St-Barthelemy	 Quebec
 St-Basile-le-Grand	 Quebec
 St-Basile-Sud	 Quebec
 St-Blaise-sur-Richelieu	 Quebec
 St-Boniface-de-Shawinigan	 Quebec
 St-Bruno	 Quebec
 St-Calixte-de-Kilkenny	 Quebec
 St-Casimir	 Quebec
 St-Celestin	 Quebec
 St-Cesaire	 Quebec
 St-Charles-de-Bellechasse	 Quebec
 St-Chrysostome	 Quebec
 St-Clet	 Quebec
 St-Constant	 Quebec
 St-Cyrille-de-Wendover	 Quebec
 St-Damase	 Quebec
 St-Damien-de-Buckland	 Quebec
 St-Denis	 Quebec
 Ste. Agathe de Lotbiniere	 Quebec
 Ste. Angele de Laval	 Quebec
 Ste. Cecile Masham	 Quebec
 Ste. Claire de Dorchester	 Quebec
 Ste. Croix de Lotbiniere	 Quebec
 Ste. Gertrude	 Quebec
 Ste. Justine de Newton	 Quebec
 Ste. Martine	 Quebec
 Ste. Methode de Frontenac	 Quebec
 Ste. Monique de Nicolet	 Quebec
 Ste-Adele	 Quebec
 Ste-Agathe	 Quebec
 Ste-Anne-de-Beaupre	 Quebec
 Ste-Blandine	 Quebec
 Ste-Brigitte-de-Laval	 Quebec
 Ste-Catherine	 Quebec
 Ste-Clotilde-de-Horton	 Quebec
 St-Edouard-de-Lotbiniere	 Quebec
 Ste-Eulalie	 Quebec
 Ste-Felicite	 Quebec
 Ste-Foy	 Quebec
 Ste-Genevieve	 Quebec
 Ste-Helene-de-Bagot	 Quebec
 Ste-Henedine	 Quebec
 Ste-Jeanne-d`Arc	 Quebec
 Ste-Julie	 Quebec
 Ste-Julienne	 Quebec
 Ste-Justine	 Quebec
 St-Eleuthere	 Quebec
 Ste-Lucie-de-Beauregard	 Quebec
 Ste-Madeleine	 Quebec
 Ste-Marguerite	 Quebec
 Ste-Marie-de-Beauce	 Quebec
 Ste-Marthe	 Quebec
 St-Emile	 Quebec
 St-Emile-de-Suffolk	 Quebec
 Ste-Perpetue	 Quebec
 Ste-Petronille	 Quebec
 St-Ephrem-de-Beauce	 Quebec
 St-Ephrem-de-Tring	 Quebec
 Ste-Rosalie	 Quebec
 Ste-Rose	 Quebec
 Ste-Rose-du-Nord	 Quebec
 Ste-Sophie-de-Levrard	 Quebec
 Ste-Thecle	 Quebec
 Ste-Therese	 Quebec
 St-Eugene-de-Guigues	 Quebec
 St-Eustache	 Quebec
 Ste-Veronique	 Quebec
 Ste-Victoire	 Quebec
 St-Fabien-de-Panet	 Quebec
 St-Felicien	 Quebec
 St-Fidele-de-Mont-Murray	 Quebec
 St-Flavien	 Quebec
 St-Francois-du-Lac	 Quebec
 St-Fulgence	 Quebec
 St-Gabriel	 Quebec
 St-Gedeon	 Quebec
 St-Georges	 Quebec
 St-Gerard	 Quebec
 St-Germain-de-Grantham	 Quebec
 St-Gregoire-de-Greenlay	 Quebec
 St-Guillaume	 Quebec
 St-Hilarion	 Quebec
 St-Hippolyte	 Quebec
 St-Honore-de-Beauce	 Quebec
 St-Hugues	 Quebec
 St-Irenee	 Quebec
 St-Jacques	 Quebec
 St-Jean-Chrysostome	 Quebec
 St-Jerome	 Quebec
 St-Joseph-de-Beauce	 Quebec
 St-Jovite	 Quebec
 St-Jude	 Quebec
 St-Just-de-Bretenieres	 Quebec
 St-Lambert	 Quebec
 St-Laurent	 Quebec
 St-Leon-le-Grand	 Quebec
 St-Liboire	 Quebec
 St-Lin	 Quebec
 St-Louis-de-France	 Quebec
 St-Luc	 Quebec
 St-Ludger	 Quebec
 St-Magloire	 Quebec
 St-Malachie	 Quebec
 St-Malo	 Quebec
 St-Marc-des-Carrieres	 Quebec
 St-Methode-de-Frontenac	 Quebec
 St-Michel-de-Bellechasse	 Quebec
 St-Moose	 Quebec
 St-Nazaire-d`Acton	 Quebec
 St-Nicolas	 Quebec
 St-Noel	 Quebec
 St-Odilon-de-Cranbourne	 Quebec
 Stoke	 Quebec
 Stoneham	 Quebec
 St-Ours	 Quebec
 St-Pacome	 Quebec
 St-Pamphile	 Quebec
 St-Pascal	 Quebec
 St-Patrice-de-Beaurivage	 Quebec
 St-Paul-d`Abbotsford	 Quebec
 St-Paul-de-Montminy	 Quebec
 St-Paulin	 Quebec
 St-Philippe-de-Neri	 Quebec
 St-Pie	 Quebec
 St-Pie-de-Guire	 Quebec
 St-Pierre	 Quebec
 St-Pierre-de-Wakefield	 Quebec
 St-Pierre-les-Becquets	 Quebec
 St-Polycarpe	 Quebec
 St-Prime	 Quebec
 St-Prosper-de-Dorchester	 Quebec
 Stratford	 Quebec
 St-Raymond	 Quebec
 St-Redempteur	 Quebec
 St-Remi	 Quebec
 St-Rene-de-Matane	 Quebec
 St-Roch-de-Mekinac	 Quebec
 St-Romuald	 Quebec
 St-Sauveur	 Quebec
 St-Simeon	 Quebec
 St-Sylvere	 Quebec
 St-Sylvestre	 Quebec
 St-Theophile	 Quebec
 St-Thomas-d`Aquin	 Quebec
 St-Timothee	 Quebec
 St-Tite	 Quebec
 St-Ubalde	 Quebec
 Stukely-Sud	 Quebec
 St-Ulric	 Quebec
 St-Urbain	 Quebec
 St-Victor	 Quebec
 St-Wenceslas	 Quebec
 St-Zacharie	 Quebec
 St-Zenon	 Quebec
 St-Zephirin	 Quebec
 St-Zotique	 Quebec
 Sutton	 Quebec
 Tadoussac	 Quebec
 Taschereau	 Quebec
 Tasiujaq	 Quebec
 Temiscaming	 Quebec
 Terrasse Vaudreuil	 Quebec
 Terrebonne	 Quebec
 Tete-a-la-Baleine	 Quebec
 Thetford Mines	 Quebec
 Thurso	 Quebec
 Tingwick	 Quebec
 Tremblay	 Quebec
 Tring-Jonction	 Quebec
 Trois-Pistoles	 Quebec
 Trois-Rivieres	 Quebec
 Umiujaq	 Quebec
 Upton	 Quebec
 Val-Alain	 Quebec
 Val-Barrette	 Quebec
 Val-Belair	 Quebec
 Val-Brillant	 Quebec
 Valcartier	 Quebec
 Valcourt	 Quebec
 Val-d`Or	 Quebec
 Val-David	 Quebec
 Val-des-Bois	 Quebec
 Vallee-Jonction	 Quebec
 Vanier	 Quebec
 Varennes	 Quebec
 Vaudreuil	 Quebec
 Venise-en-Quebec	 Quebec
 Vercheres	 Quebec
 Verdun	 Quebec
 Victoriaville	 Quebec
 Ville-Marie	 Quebec
 Vimont	 Quebec
 Wakefield	 Quebec
 Warden	 Quebec
 Warwick	 Quebec
 Waskaganish	 Quebec
 Waswanipi	 Quebec
 Waterloo	 Quebec
 Waterville	 Quebec
 Weedon	 Quebec
 Wemindji	 Quebec
 Wendover	 Quebec
 West Brome	 Quebec
 Westbury	 Quebec
 Westmount	 Quebec
 Wickham	 Quebec
 Windsor	 Quebec
 Woburn	 Quebec
 Wotton	 Quebec
 Yamachiche	 Quebec
 Yamaska	 Quebec
 Yamaska-Est	 Quebec
 Abbey	 Saskatchewan
 Aberdeen	 Saskatchewan
 Abernethy	 Saskatchewan
 Alameda	 Saskatchewan
 Alida	 Saskatchewan
 Allan	 Saskatchewan
 Alsask	 Saskatchewan
 Alvena	 Saskatchewan
 Aneroid	 Saskatchewan
 Arborfield	 Saskatchewan
 Archerwill	 Saskatchewan
 Arcola	 Saskatchewan
 Asquith	 Saskatchewan
 Assiniboia	 Saskatchewan
 Avonlea	 Saskatchewan
 Balcarres	 Saskatchewan
 Balgonie	 Saskatchewan
 Battleford	 Saskatchewan
 Beauval	 Saskatchewan
 Beechy	 Saskatchewan
 Bengough	 Saskatchewan
 Bethune	 Saskatchewan
 Bienfait	 Saskatchewan
 Big River	 Saskatchewan
 Biggar	 Saskatchewan
 Birch Hills	 Saskatchewan
 Birsay	 Saskatchewan
 Blaine Lake	 Saskatchewan
 Borden	 Saskatchewan
 Bredenbury	 Saskatchewan
 Briercrest	 Saskatchewan
 Broadview	 Saskatchewan
 Brock	 Saskatchewan
 Bruno	 Saskatchewan
 Buchanan	 Saskatchewan
 Buffalo Narrows	 Saskatchewan
 Burstall	 Saskatchewan
 Cabri	 Saskatchewan
 Cadillac	 Saskatchewan
 Calder	 Saskatchewan
 Canoe Narrows	 Saskatchewan
 Canora	 Saskatchewan
 Canwood	 Saskatchewan
 Carievale	 Saskatchewan
 Carlyle	 Saskatchewan
 Carnduff	 Saskatchewan
 Caron	 Saskatchewan
 Carrot River	 Saskatchewan
 Central Butte	 Saskatchewan
 Ceylon	 Saskatchewan
 Chaplin	 Saskatchewan
 Choiceland	 Saskatchewan
 Christopher Lake	 Saskatchewan
 Churchbridge	 Saskatchewan
 Clavet	 Saskatchewan
 Climax	 Saskatchewan
 Cochin	 Saskatchewan
 Coderre	 Saskatchewan
 Coleville	 Saskatchewan
 Colonsay	 Saskatchewan
 Conquest	 Saskatchewan
 Consul	 Saskatchewan
 Coronach	 Saskatchewan
 Craik	 Saskatchewan
 Creelman	 Saskatchewan
 Creighton	 Saskatchewan
 Cudworth	 Saskatchewan
 Cumberland House	 Saskatchewan
 Cupar	 Saskatchewan
 Cut Knife	 Saskatchewan
 Dalmeny	 Saskatchewan
 Davidson	 Saskatchewan
 Debden	 Saskatchewan
 Delisle	 Saskatchewan
 Denzil	 Saskatchewan
 Dillon	 Saskatchewan
 Dinsmore	 Saskatchewan
 Dodsland	 Saskatchewan
 Domremy	 Saskatchewan
 Drake	 Saskatchewan
 Dubuc	 Saskatchewan
 Duck Lake	 Saskatchewan
 Dundurn	 Saskatchewan
 Dysart	 Saskatchewan
 Earl Grey	 Saskatchewan
 Eastend	 Saskatchewan
 Eatonia	 Saskatchewan
 Edam	 Saskatchewan
 Elbow	 Saskatchewan
 Elfros	 Saskatchewan
 Elrose	 Saskatchewan
 Esterhazy	 Saskatchewan
 Estevan	 Saskatchewan
 Eston	 Saskatchewan
 Eyebrow	 Saskatchewan
 Fillmore	 Saskatchewan
 Fleming	 Saskatchewan
 Foam Lake	 Saskatchewan
 Fond-du-Lac	 Saskatchewan
 Fort Qu`Appelle	 Saskatchewan
 Fox Valley	 Saskatchewan
 Francis	 Saskatchewan
 Frobisher	 Saskatchewan
 Frontier	 Saskatchewan
 Gainsborough	 Saskatchewan
 Glaslyn	 Saskatchewan
 Glen Ewen	 Saskatchewan
 Glenavon	 Saskatchewan
 Goodeve	 Saskatchewan
 Goodsoil	 Saskatchewan
 Govan	 Saskatchewan
 Gravelbourg	 Saskatchewan
 Grayson	 Saskatchewan
 Green Lake	 Saskatchewan
 Grenfell	 Saskatchewan
 Gull Lake	 Saskatchewan
 Hafford	 Saskatchewan
 Hague	 Saskatchewan
 Hanley	 Saskatchewan
 Harris	 Saskatchewan
 Hawarden	 Saskatchewan
 Hazlet	 Saskatchewan
 Hepburn	 Saskatchewan
 Herbert	 Saskatchewan
 Herschel	 Saskatchewan
 Hodgeville	 Saskatchewan
 Holdfast	 Saskatchewan
 Hudson Bay	 Saskatchewan
 Humboldt	 Saskatchewan
 Ile-a-la-Crosse	 Saskatchewan
 Imperial	 Saskatchewan
 Indian Head	 Saskatchewan
 Invermay	 Saskatchewan
 Ituna	 Saskatchewan
 Jansen	 Saskatchewan
 Kamsack	 Saskatchewan
 Kelliher	 Saskatchewan
 Kelvington	 Saskatchewan
 Kenaston	 Saskatchewan
 Kennedy	 Saskatchewan
 Kenosee	 Saskatchewan
 Kerrobert	 Saskatchewan
 Key Lake	 Saskatchewan
 Kincaid	 Saskatchewan
 Kindersley	 Saskatchewan
 Kinistino	 Saskatchewan
 Kipling	 Saskatchewan
 Kisbey	 Saskatchewan
 Kyle	 Saskatchewan
 La Loche	 Saskatchewan
 La Ronge	 Saskatchewan
 Lafleche	 Saskatchewan
 Laird	 Saskatchewan
 Lake Alma	 Saskatchewan
 Lake Lenore	 Saskatchewan
 Lampman	 Saskatchewan
 Landis	 Saskatchewan
 Lang	 Saskatchewan
 Langenburg	 Saskatchewan
 Langham	 Saskatchewan
 Lanigan	 Saskatchewan
 Lashburn	 Saskatchewan
 Leader	 Saskatchewan
 Leask	 Saskatchewan
 Lemberg	 Saskatchewan
 Leoville	 Saskatchewan
 Leroy	 Saskatchewan
 Lestock	 Saskatchewan
 Liberty	 Saskatchewan
 Limerick	 Saskatchewan
 Lintlaw	 Saskatchewan
 Lipton	 Saskatchewan
 Lloydminster	 Saskatchewan
 Loon Lake	 Saskatchewan
 Loreburn	 Saskatchewan
 Lucky Lake	 Saskatchewan
 Lumsden	 Saskatchewan
 Luseland	 Saskatchewan
 Macklin	 Saskatchewan
 Macrorie	 Saskatchewan
 Maidstone	 Saskatchewan
 Mankota	 Saskatchewan
 Manor	 Saskatchewan
 Maple Creek	 Saskatchewan
 Marcelin	 Saskatchewan
 Margo	 Saskatchewan
 Marquis	 Saskatchewan
 Marsden	 Saskatchewan
 Marshall	 Saskatchewan
 Martensville	 Saskatchewan
 Maryfield	 Saskatchewan
 Maymont	 Saskatchewan
 Meacham	 Saskatchewan
 Meadow Lake	 Saskatchewan
 Meath Park	 Saskatchewan
 Melfort	 Saskatchewan
 Melville	 Saskatchewan
 Meota	 Saskatchewan
 Midale	 Saskatchewan
 Middle Lake	 Saskatchewan
 Milden	 Saskatchewan
 Milestone	 Saskatchewan
 Minton	 Saskatchewan
 Mistatim	 Saskatchewan
 Molanosa	 Saskatchewan
 Montmartre	 Saskatchewan
 Moose Jaw	 Saskatchewan
 Moosomin	 Saskatchewan
 Morse	 Saskatchewan
 Mortlach	 Saskatchewan
 Mossbank	 Saskatchewan
 Naicam	 Saskatchewan
 Neidpath	 Saskatchewan
 Neilburg	 Saskatchewan
 Neudorf	 Saskatchewan
 Neville	 Saskatchewan
 Nipawin	 Saskatchewan
 Nokomis	 Saskatchewan
 Norquay	 Saskatchewan
 North Battleford	 Saskatchewan
 North Portal	 Saskatchewan
 Odessa	 Saskatchewan
 Ogema	 Saskatchewan
 Ormiston	 Saskatchewan
 Osler	 Saskatchewan
 Outlook	 Saskatchewan
 Oxbow	 Saskatchewan
 Paddockwood	 Saskatchewan
 Pangman	 Saskatchewan
 Paradise Hill	 Saskatchewan
 Patuanak	 Saskatchewan
 Paynton	 Saskatchewan
 Pelican Narrows	 Saskatchewan
 Pelly	 Saskatchewan
 Pennant	 Saskatchewan
 Pense	 Saskatchewan
 Perdue	 Saskatchewan
 Piapot	 Saskatchewan
 Pierceland	 Saskatchewan
 Pilot Butte	 Saskatchewan
 Pinehouse	 Saskatchewan
 Plato	 Saskatchewan
 Plenty	 Saskatchewan
 Ponteix	 Saskatchewan
 Porcupine Plain	 Saskatchewan
 Preeceville	 Saskatchewan
 Prelate	 Saskatchewan
 Prince Albert	 Saskatchewan
 Prud`homme	 Saskatchewan
 Punnichy	 Saskatchewan
 Qu`Appelle	 Saskatchewan
 Quill Lake	 Saskatchewan
 Rabbit Lake	 Saskatchewan
 Radisson	 Saskatchewan
 Radville	 Saskatchewan
 Raymore	 Saskatchewan
 Redvers	 Saskatchewan
 Regina	 Saskatchewan
 Regina Beach	 Saskatchewan
 Rhein	 Saskatchewan
 Riceton	 Saskatchewan
 Richmound	 Saskatchewan
 Ridgedale	 Saskatchewan
 Riverhurst	 Saskatchewan
 Rocanville	 Saskatchewan
 Rockglen	 Saskatchewan
 Rose Valley	 Saskatchewan
 Rosetown	 Saskatchewan
 Rosthern	 Saskatchewan
 Rouleau	 Saskatchewan
 Saltcoats	 Saskatchewan
 Sandy Bay	 Saskatchewan
 Saskatoon	 Saskatchewan
 Sceptre	 Saskatchewan
 Scott	 Saskatchewan
 Sedley	 Saskatchewan
 Semans	 Saskatchewan
 Shaunavon	 Saskatchewan
 Sheho	 Saskatchewan
 Shell Lake	 Saskatchewan
 Shellbrook	 Saskatchewan
 Simpson	 Saskatchewan
 Sintaluta	 Saskatchewan
 Smeaton	 Saskatchewan
 Smiley	 Saskatchewan
 Southend	 Saskatchewan
 Southey	 Saskatchewan
 Spalding	 Saskatchewan
 Speers	 Saskatchewan
 Spiritwood	 Saskatchewan
 Springside	 Saskatchewan
 Spy Hill	 Saskatchewan
 St. Benedict	 Saskatchewan
 St. Brieux	 Saskatchewan
 St. Gregor	 Saskatchewan
 St. Louis	 Saskatchewan
 St. Walburg	 Saskatchewan
 Stanley Mission	 Saskatchewan
 Star City	 Saskatchewan
 Stockholm	 Saskatchewan
 Stony Rapids	 Saskatchewan
 Storthoaks	 Saskatchewan
 Stoughton	 Saskatchewan
 Strasbourg	 Saskatchewan
 Strongfield	 Saskatchewan
 Sturgis	 Saskatchewan
 Swift Current	 Saskatchewan
 Tantallon	 Saskatchewan
 Theodore	 Saskatchewan
 Tisdale	 Saskatchewan
 Togo	 Saskatchewan
 Tompkins	 Saskatchewan
 Torquay	 Saskatchewan
 Tramping Lake	 Saskatchewan
 Tribune	 Saskatchewan
 Turnor Lake	 Saskatchewan
 Turtleford	 Saskatchewan
 Unity	 Saskatchewan
 Uranium City	 Saskatchewan
 Val Marie	 Saskatchewan
 Vanguard	 Saskatchewan
 Vanscoy	 Saskatchewan
 Vibank	 Saskatchewan
 Viscount	 Saskatchewan
 Vonda	 Saskatchewan
 Wadena	 Saskatchewan
 Wakaw	 Saskatchewan
 Waldheim	 Saskatchewan
 Wapella	 Saskatchewan
 Warman	 Saskatchewan
 Waskesiu Lake	 Saskatchewan
 Watrous	 Saskatchewan
 Watson	 Saskatchewan
 Wawota	 Saskatchewan
 Webb	 Saskatchewan
 Welwyn	 Saskatchewan
 Weyburn	 Saskatchewan
 White Fox	 Saskatchewan
 Whitewood	 Saskatchewan
 Wilcox	 Saskatchewan
 Wilkie	 Saskatchewan
 Willow Bunch	 Saskatchewan
 Windthorst	 Saskatchewan
 Wiseton	 Saskatchewan
 Wishart	 Saskatchewan
 Wollaston Lake	 Saskatchewan
 Wolseley	 Saskatchewan
 Wood Mountain	 Saskatchewan
 Wynyard	 Saskatchewan
 Yellow Creek	 Saskatchewan
 Yellow Grass	 Saskatchewan
 Yorkton	 Saskatchewan
 Young	 Saskatchewan
 Zealandia	 Saskatchewan
 Zenon Park	 Saskatchewan
 Beaver Creek	 Yukon
 Burwash Landing	 Yukon
 Carcross	 Yukon
 Carmacks	 Yukon
 Dawson	 Yukon
 Destruction Bay	 Yukon
 Faro	 Yukon
 Haines Junction	 Yukon
 Marsh Lake	 Yukon
 Mayo	 Yukon
 Old Crow	 Yukon
 Pelly Crossing	 Yukon
 Ross River	 Yukon
 Swift River	 Yukon
 Tagish	 Yukon
 Teslin	 Yukon
 Watson Lake	 Yukon
 Whitehorse	 Yukon